"","baseMean","log2FoldChange","lfcSE","stat","pvalue","padj"
"1",169.871925597538,0.143179767240773,0.0762921381679931,1.87673029854656,0.0605550677859166,0.969223715687834
"2",0,NA,NA,NA,NA,NA
"3",537.070248850146,-0.0466199935841923,0.0709817375509659,-0.656788565519665,0.511316877555477,0.969223715687834
"4",0,NA,NA,NA,NA,NA
"5",0,NA,NA,NA,NA,NA
"6",87.9859586322523,0.0449129008420376,0.0782447340945615,0.574005412143887,0.5659641388895,0.969223715687834
"7",1393.78586863592,-0.0629854554114707,0.0529166514850785,-1.19027666422225,0.233937669564013,0.969223715687834
"8",0,NA,NA,NA,NA,NA
"9",0,NA,NA,NA,NA,NA
"10",266.931652414007,0.0032447212872091,0.0715509323705442,0.0453484137761548,0.963829598492092,0.990274580951138
"11",0,NA,NA,NA,NA,NA
"12",429.181680538949,-0.103927974240512,0.0607620791473124,-1.71040846032519,0.0871903676468673,0.969223715687834
"13",0,NA,NA,NA,NA,NA
"14",51.1180600247508,-0.0572725373318315,0.0782758624400679,-0.731675583589799,0.464366602673283,0.969223715687834
"15",296.140679013363,0.0396818246993578,0.0649173101350859,0.611267235453599,0.541022678190671,0.969223715687834
"16",458.117836356397,-0.0789412871972338,0.0601367501096784,-1.31269626398599,0.189285317025721,0.969223715687834
"17",0,NA,NA,NA,NA,NA
"18",545.732321888456,-0.0948915382323305,0.0574960419924573,-1.65040122665798,0.0988609003994604,0.969223715687834
"19",0,NA,NA,NA,NA,NA
"20",697.365503991098,-0.123833499623302,0.0567225736470112,-2.18314317671703,0.0290252678006704,0.969223715687834
"21",0,NA,NA,NA,NA,NA
"22",342.093419718064,0.0882436633391763,0.0720488374812606,1.2247756719479,0.22065975359456,0.969223715687834
"23",0,NA,NA,NA,NA,NA
"24",1130.85092186567,-0.0344713414459159,0.0762649121774909,-0.451994770094155,0.651272750089282,0.969223715687834
"25",0,NA,NA,NA,NA,NA
"26",1270.97600870429,-0.050197447927228,0.0646692408797009,-0.776218295504757,0.437620105366836,0.969223715687834
"27",0,NA,NA,NA,NA,NA
"28",465.739352945364,0.0610072990781287,0.056513402009307,1.07951913898373,0.280356366556536,0.969223715687834
"29",1553.25915664597,-0.0461560658081229,0.0711200719238946,-0.64898789553411,0.516346200127405,0.969223715687834
"30",241.820647420542,-0.0333301716226066,0.0596470070906682,-0.558790344198529,0.576304813056428,0.969223715687834
"31",0,NA,NA,NA,NA,NA
"32",0,NA,NA,NA,NA,NA
"33",0,NA,NA,NA,NA,NA
"34",821.250389137471,-0.147240036106356,0.0660870281186383,-2.22797181682967,0.0258823944398547,0.969223715687834
"35",241.935208937388,0.0807189829652362,0.0727931911101754,1.10888095073432,0.267481542595618,0.969223715687834
"36",350.75167334984,0.0363942977545561,0.0638783780302796,0.569743610855375,0.568851606383238,0.969223715687834
"37",0,NA,NA,NA,NA,NA
"38",2421.0294523871,-0.024673743446379,0.0764681477382873,-0.322666942722675,0.746947489979871,0.969223715687834
"39",0,NA,NA,NA,NA,NA
"40",160.926996726536,0.0226582926406312,0.0698509194981412,0.324380735478138,0.7456498027831,0.969223715687834
"41",393.431993591667,0.0263079972333191,0.0719121523739402,0.365835208165076,0.714488045995628,0.969223715687834
"42",0,NA,NA,NA,NA,NA
"43",0,NA,NA,NA,NA,NA
"44",0,NA,NA,NA,NA,NA
"45",220.91604963312,0.0234472655034145,0.0673570005203781,0.348104359194569,0.727761810670749,0.969223715687834
"46",0,NA,NA,NA,NA,NA
"47",84.9382360727011,0.077347292609124,0.0771337395084367,1.00276860816095,0.315972518367174,0.969223715687834
"48",142.01068902283,-0.000979493362090205,0.0707763903776075,-0.0138392669768039,0.988958215011054,0.992848897346165
"49",275.459473019417,-0.0336460948263049,0.0652697558313247,-0.515492886372301,0.606208639261181,0.969223715687834
"50",49.5722447895564,-0.127285050663996,0.0783569874861493,-1.62442501616713,0.104285131641158,0.969223715687834
"51",77.6304033246828,0.0135396444926607,0.0763164882157829,0.177414406889082,0.859182891759901,0.969223715687834
"52",576.470040890242,-0.00686626516977001,0.0723236520193091,-0.0949380317235204,0.924364047986291,0.984756731669454
"53",0,NA,NA,NA,NA,NA
"54",192.502486783103,0.0579699887714783,0.0742382566253019,0.780864090923721,0.434882433986276,0.969223715687834
"55",0,NA,NA,NA,NA,NA
"56",190.544733541148,-0.0580441727122759,0.065368564678409,-0.887952381971876,0.374566366083658,0.969223715687834
"57",198.108313131742,-0.0129518851822678,0.0638557086013578,-0.202830498101972,0.839267519336929,0.969223715687834
"58",207.597221198008,-0.0778368845608031,0.0721185657361802,-1.07929052340754,0.280458236113268,0.969223715687834
"59",256.859030954029,0.0602997233904208,0.0612878541902269,0.983877216573138,0.325175887176496,0.969223715687834
"60",266.672016994281,0.121616334212759,0.0626011966369751,1.94271580650468,0.0520505053468196,0.969223715687834
"61",0,NA,NA,NA,NA,NA
"62",0,NA,NA,NA,NA,NA
"63",499.394639771715,-0.0236903321266612,0.0562331863854554,-0.421287386495826,0.673545239702775,0.969223715687834
"64",0,NA,NA,NA,NA,NA
"65",278.268260510594,-0.0351899582530068,0.0602307558614552,-0.584252310131255,0.559050572357983,0.969223715687834
"66",0,NA,NA,NA,NA,NA
"67",249.545719456501,0.018164057002413,0.0649592531681501,0.279622318861864,0.779767281925345,0.969223715687834
"68",0,NA,NA,NA,NA,NA
"69",118.218593918714,0.01823588362895,0.0731390633123441,0.249331654017398,0.803104247942847,0.969223715687834
"70",144.39028675988,-0.0794904075281335,0.071469900889705,-1.11222215979851,0.266042642334601,0.969223715687834
"71",135.641463085285,-0.0965192678063366,0.0740277838838327,-1.30382489847053,0.192293291254683,0.969223715687834
"72",52.6060375086745,-0.07968039165678,0.0785249144851926,-1.01471478420782,0.310241804666686,0.969223715687834
"73",333.986595011969,-0.0753080588368275,0.0581467140078147,-1.29513868705816,0.19527239119276,0.969223715687834
"74",283.976954257616,-0.0155757257641091,0.0619616221934814,-0.251376984861247,0.801522659952349,0.969223715687834
"75",24.6985947875322,-0.112532772535513,0.0768544273611981,-1.46423278917472,0.143130354071498,0.969223715687834
"76",131.942741815465,0.0296278832959848,0.0752315174993995,0.39382275249494,0.693711905071453,0.969223715687834
"77",0,NA,NA,NA,NA,NA
"78",0,NA,NA,NA,NA,NA
"79",178.652818259154,0.0592065293847918,0.0768376989037892,0.770540115457207,0.440979568491734,0.969223715687834
"80",255.416989993859,0.0689527794037765,0.0657485439461375,1.04873469837239,0.294300239701662,0.969223715687834
"81",125.754303937718,0.0414449701003532,0.0746244868307353,0.555380302907268,0.578634562401209,0.969223715687834
"82",384.369555996495,-0.110057234414451,0.0698528597040877,-1.57555803557188,0.115127693671095,0.969223715687834
"83",302.57530606077,-0.0901851680760187,0.0659447902518295,-1.3675859416888,0.17144171938516,0.969223715687834
"84",0,NA,NA,NA,NA,NA
"85",415.736915570111,-0.105259317445594,0.0541514164954475,-1.94379619699225,0.0519200325625252,0.969223715687834
"86",0,NA,NA,NA,NA,NA
"87",188.151514897822,-0.0539140505379715,0.0636149563377154,-0.847505895496583,0.396713202395242,0.969223715687834
"88",274.348605784322,-0.0383475074393874,0.0668137535572135,-0.573946311915404,0.566004132483553,0.969223715687834
"89",0,NA,NA,NA,NA,NA
"90",0,NA,NA,NA,NA,NA
"91",79.5525317312896,-0.00255483028940171,0.0774448587994076,-0.0329890237907083,0.973683340624765,0.992461203692331
"92",214.532403516505,0.0309486634513099,0.0712357472434157,0.434454113965521,0.663958709032689,0.969223715687834
"93",381.384490047006,-0.0900965115443162,0.0691732268326369,-1.30247663250267,0.192753500984053,0.969223715687834
"94",0,NA,NA,NA,NA,NA
"95",1116.32519608474,-0.0389417040893092,0.0576917983296718,-0.674995497051111,0.499678625826095,0.969223715687834
"96",0,NA,NA,NA,NA,NA
"97",0,NA,NA,NA,NA,NA
"98",293.49265236032,-0.0399581203876571,0.0633866380970951,-0.630387122384525,0.528441334124915,0.969223715687834
"99",0,NA,NA,NA,NA,NA
"100",356.175797575944,-0.0971980521592911,0.071531721628201,-1.35881046823527,0.174206655282511,0.969223715687834
"101",0,NA,NA,NA,NA,NA
"102",101.267840139265,-0.0212216965987229,0.0769940315205779,-0.27562781399557,0.782833944399292,0.969223715687834
"103",320.946619910404,-0.0263476560835823,0.0652571578929376,-0.40375120422512,0.686395682053029,0.969223715687834
"104",173.906673451182,-0.123453063320948,0.0723993991056601,-1.70516696058181,0.0881632900765748,0.969223715687834
"105",0,NA,NA,NA,NA,NA
"106",274.609538474501,0.019427212409632,0.0623955834309978,0.31135556943892,0.755530326783,0.969223715687834
"107",373.550992304816,-0.0400723113392749,0.0723081961528933,-0.554187678178879,0.579450410169897,0.969223715687834
"108",0,NA,NA,NA,NA,NA
"109",573.949539870142,-0.0379260324844058,0.0522722384111407,-0.725548276431237,0.468115739393982,0.969223715687834
"110",0,NA,NA,NA,NA,NA
"111",269.822995885249,0.0427827868304893,0.0604235242520781,0.708048518520797,0.478915127970409,0.969223715687834
"112",0,NA,NA,NA,NA,NA
"113",0,NA,NA,NA,NA,NA
"114",0,NA,NA,NA,NA,NA
"115",0,NA,NA,NA,NA,NA
"116",42.2062352830656,0.0207812421331722,0.0786348196343,0.264275320142116,0.791567776113766,0.969223715687834
"117",196.729408555142,-0.0466659214971076,0.0642309898854215,-0.726532808856794,0.467512201983945,0.969223715687834
"118",251.645765336232,-0.0205009314577116,0.0687046257268346,-0.298392302422577,0.765403763406084,0.969223715687834
"119",0,NA,NA,NA,NA,NA
"120",100.711171193869,0.0898306685051187,0.0786285574952274,1.14246873358412,0.253259235237934,0.969223715687834
"121",211.840282824534,-0.106795956436484,0.0640348371160789,-1.66777899728066,0.0953596066657757,0.969223715687834
"122",0,NA,NA,NA,NA,NA
"123",783.303588871796,-0.109690247221021,0.0629737152352254,-1.74184176384219,0.0815361365240317,0.969223715687834
"124",0,NA,NA,NA,NA,NA
"125",88.3029729460901,-0.0781457189304636,0.0757054777894597,-1.03223334971599,0.301962815525551,0.969223715687834
"126",422.452050779187,-0.0799124445356277,0.0768247458732607,-1.04019145950005,0.298250958580995,0.969223715687834
"127",0,NA,NA,NA,NA,NA
"128",315.69534792085,-0.0285452399492542,0.059709174885002,-0.478071251264674,0.632599493058053,0.969223715687834
"129",693.602663993352,-0.0373784839133048,0.0658377556844983,-0.567736301529271,0.570214038122187,0.969223715687834
"130",0,NA,NA,NA,NA,NA
"131",0,NA,NA,NA,NA,NA
"132",148.685290614417,0.0892300821559213,0.0773564505469186,1.1534924563505,0.248708312102251,0.969223715687834
"133",0,NA,NA,NA,NA,NA
"134",161.736458290448,-0.0556234010794257,0.0673363217041728,-0.826053453347137,0.408773770283394,0.969223715687834
"135",0,NA,NA,NA,NA,NA
"136",507.826866457899,-0.0202607059204455,0.0676623019324815,-0.299438614143858,0.764605403111011,0.969223715687834
"137",0,NA,NA,NA,NA,NA
"138",107.763082601635,0.101561912165595,0.0770618214557594,1.3179277396642,0.187527838644935,0.969223715687834
"139",364.336968240088,-0.0277605645711244,0.0769088143308062,-0.360954265290303,0.718133636410367,0.969223715687834
"140",0,NA,NA,NA,NA,NA
"141",370.553728169838,-0.038412746240987,0.0567455197236202,-0.676930027746275,0.49845035113213,0.969223715687834
"142",0,NA,NA,NA,NA,NA
"143",0,NA,NA,NA,NA,NA
"144",0,NA,NA,NA,NA,NA
"145",208.089831524287,-0.0501996889047277,0.0644904802328023,-0.778404637762245,0.43633050554338,0.969223715687834
"146",0,NA,NA,NA,NA,NA
"147",0,NA,NA,NA,NA,NA
"148",0,NA,NA,NA,NA,NA
"149",165.212446169214,-0.00126345748167352,0.0662066391145765,-0.0190835465834022,0.984774456965502,0.992461203692331
"150",87.8832749290851,-0.0471889841276733,0.0775587600323895,-0.608428810723206,0.542903107970047,0.969223715687834
"151",49.1900862189958,-0.0349527802841209,0.0786325199949723,-0.444507950226646,0.656675382205579,0.969223715687834
"152",263.921794087595,-0.0943488147399534,0.0716396426530434,-1.31699169965004,0.187841406833398,0.969223715687834
"153",0,NA,NA,NA,NA,NA
"154",0,NA,NA,NA,NA,NA
"155",238.094353130398,-0.103299098290682,0.0668442212763168,-1.54537065909812,0.122256633144265,0.969223715687834
"156",0,NA,NA,NA,NA,NA
"157",196.574545323675,-0.0139618654675646,0.0692759382606678,-0.201539897085617,0.840276436023586,0.969223715687834
"158",553.307933763236,-0.103934796320011,0.0526264538113638,-1.9749534462755,0.0482734313000876,0.969223715687834
"159",0,NA,NA,NA,NA,NA
"160",119.528770729094,0.00583010580140692,0.073500849185716,0.0793202509358208,0.936777899131677,0.986518318554598
"161",0,NA,NA,NA,NA,NA
"162",582.408830431706,-0.0157365047212973,0.0771088920423139,-0.204081582609977,0.838289746406886,0.969223715687834
"163",0,NA,NA,NA,NA,NA
"164",434.678296924709,-0.00998304175792325,0.0613578199651792,-0.16270202825962,0.870753049951474,0.971483410312781
"165",241.416554134114,-0.0496735677521338,0.0695426597538849,-0.714289156151506,0.475048396189052,0.969223715687834
"166",287.837780451553,-0.0242962653248746,0.0656705349584985,-0.369972093880901,0.711403283261789,0.969223715687834
"167",685.960232819089,-0.117692065145681,0.067985294966097,-1.73114002380032,0.0834267933610607,0.969223715687834
"168",33.3269799233229,-0.0101959628889641,0.0781004735120432,-0.130549309504402,0.896131844566786,0.972540184898347
"169",318.207437835835,-0.00171725942955236,0.0438084846831999,-0.0391992428400727,0.968731537300138,0.990937417811316
"170",0,NA,NA,NA,NA,NA
"171",184.802767378039,-0.00818600312023106,0.0684857164251514,-0.119528619214747,0.904856567708795,0.977409363606777
"172",0,NA,NA,NA,NA,NA
"173",0,NA,NA,NA,NA,NA
"174",205.174718230989,-0.0172670380588609,0.0682383426239975,-0.253040114910243,0.800237214438412,0.969223715687834
"175",0,NA,NA,NA,NA,NA
"176",73.9691671709761,0.0378573012517012,0.0776704892909413,0.487409073861938,0.625968464513789,0.969223715687834
"177",70.7038303026003,0.0214890834053392,0.0781400048141664,0.275007449211768,0.783310515248815,0.969223715687834
"178",650.130190275362,-0.094634053631212,0.069676808387389,-1.35818582712724,0.174404726630692,0.969223715687834
"179",148.157258318717,0.0594924993963921,0.0774147962752714,0.768490033673263,0.442196109433319,0.969223715687834
"180",0,NA,NA,NA,NA,NA
"181",92.8355011986787,-0.0492083634955798,0.0765334394549962,-0.642965530440007,0.520246466552137,0.969223715687834
"182",0,NA,NA,NA,NA,NA
"183",236.591903459849,0.0718507008071956,0.0641012827583747,1.12089333809484,0.262333266946577,0.969223715687834
"184",0,NA,NA,NA,NA,NA
"185",696.962171999679,-0.0217236138466709,0.0537049018597285,-0.404499647041729,0.685845337384705,0.969223715687834
"186",0,NA,NA,NA,NA,NA
"187",0,NA,NA,NA,NA,NA
"188",417.35161083056,-0.0838822843326407,0.0632212658544537,-1.32680488438419,0.184573234328871,0.969223715687834
"189",195.496363380782,0.00288241864695796,0.0637258245444581,0.0452315629897743,0.963922736360002,0.990274580951138
"190",235.639520030259,0.0299924104326695,0.0620427409051427,0.483415303629558,0.628800884168483,0.969223715687834
"191",40.1279783131094,-0.100489095084362,0.0778261411895774,-1.29119976332348,0.196634417171733,0.969223715687834
"192",0,NA,NA,NA,NA,NA
"193",322.941233582146,-0.0536038946384536,0.0573737947962386,-0.934292298928915,0.350153135712247,0.969223715687834
"194",0,NA,NA,NA,NA,NA
"195",559.410686224921,-0.190754694337219,0.0724333906285332,-2.63351877748598,0.0084505162885563,0.969223715687834
"196",0,NA,NA,NA,NA,NA
"197",0,NA,NA,NA,NA,NA
"198",64.51097022244,0.0678400690309555,0.0772484564383907,0.878206143640697,0.379831858576533,0.969223715687834
"199",0,NA,NA,NA,NA,NA
"200",0,NA,NA,NA,NA,NA
"201",222.450633388537,-0.0746951360665375,0.061210291109653,-1.22030355864062,0.222349821276502,0.969223715687834
"202",0,NA,NA,NA,NA,NA
"203",238.861960529313,-0.0893081475565865,0.0695702664693106,-1.28371144871183,0.199242937062107,0.969223715687834
"204",613.05202670354,0.0102613341794907,0.0716626772766611,0.143189377922287,0.886140618567016,0.972540184898347
"205",0,NA,NA,NA,NA,NA
"206",156.897852771912,0.0969713143680785,0.071915263529504,1.34841074910745,0.177526308605639,0.969223715687834
"207",221.36742145691,-0.0210800660794998,0.0642541841797441,-0.328073048449741,0.742856431447134,0.969223715687834
"208",0,NA,NA,NA,NA,NA
"209",214.391366298226,0.0402350849094554,0.0646891158291902,0.6219761144316,0.533957574100537,0.969223715687834
"210",0,NA,NA,NA,NA,NA
"211",523.853834147456,0.083658017028794,0.0614764478618168,1.36081409935778,0.173572445085536,0.969223715687834
"212",0,NA,NA,NA,NA,NA
"213",367.158703050927,-0.00426070975371476,0.0729291003587833,-0.0584226287278151,0.953411990436097,0.989442094725834
"214",647.744519480247,-0.0502877000861809,0.0539518672309264,-0.932084516573596,0.351292849162677,0.969223715687834
"215",210.949555603455,-0.139301327019928,0.0731128282987233,-1.90529254935635,0.0567420534400589,0.969223715687834
"216",13.3273268854347,-0.054009139527898,0.0714050189401244,-0.756377357356162,0.449422979631697,0.969223715687834
"217",257.185703609689,-0.0803263992662046,0.0608173775778287,-1.32078038326151,0.186574602418015,0.969223715687834
"218",441.966829052123,-0.0545134494125712,0.0590876328125649,-0.922586450289797,0.356222759497958,0.969223715687834
"219",0,NA,NA,NA,NA,NA
"220",72.7799798306487,0.169517383276548,0.0771160939012614,2.19821018805227,0.0279341309962754,0.969223715687834
"221",316.16347562356,-0.0286633183606503,0.0770091860375948,-0.372206483868786,0.709739118933401,0.969223715687834
"222",0,NA,NA,NA,NA,NA
"223",0,NA,NA,NA,NA,NA
"224",0,NA,NA,NA,NA,NA
"225",0,NA,NA,NA,NA,NA
"226",0,NA,NA,NA,NA,NA
"227",0,NA,NA,NA,NA,NA
"228",0,NA,NA,NA,NA,NA
"229",0,NA,NA,NA,NA,NA
"230",431.41047633554,0.0626108662815323,0.0676340510094801,0.925729944414483,0.354586342065076,0.969223715687834
"231",0,NA,NA,NA,NA,NA
"232",212.927900836065,0.0633261736070126,0.0622204456410355,1.0177711354296,0.308786732386192,0.969223715687834
"233",0,NA,NA,NA,NA,NA
"234",0,NA,NA,NA,NA,NA
"235",0,NA,NA,NA,NA,NA
"236",164.427732102825,0.0715325237335337,0.0783927212877886,0.912489355624353,0.361511170375598,0.969223715687834
"237",0,NA,NA,NA,NA,NA
"238",0,NA,NA,NA,NA,NA
"239",592.347238842357,-0.0201894662106977,0.0641582932471588,-0.31468209624781,0.753003039276047,0.969223715687834
"240",0,NA,NA,NA,NA,NA
"241",74.4545757266284,0.0697278378993858,0.0771947414501441,0.903271862687943,0.366381626095658,0.969223715687834
"242",0,NA,NA,NA,NA,NA
"243",66.5360447124887,0.00419723560073913,0.0782771409145834,0.0536201955219492,0.957237765957623,0.98946987072491
"244",713.390043041975,-0.0392060792159707,0.0652500181748016,-0.6008592842218,0.54793371388377,0.969223715687834
"245",0,NA,NA,NA,NA,NA
"246",0,NA,NA,NA,NA,NA
"247",93.7073050607063,-0.0132265518117091,0.0763248350873779,-0.173292897345499,0.862421206329888,0.969714553259118
"248",0,NA,NA,NA,NA,NA
"249",329.821160402042,-0.11246521699434,0.070723761568895,-1.59020411951339,0.111788802249159,0.969223715687834
"250",213.002995400542,0.0846612540655447,0.0709403652259121,1.19341440935549,0.232707114474839,0.969223715687834
"251",0,NA,NA,NA,NA,NA
"252",182.183952392173,-0.0803303137905752,0.0688598648150742,-1.16657669901481,0.243381357751132,0.969223715687834
"253",25.2726648056836,-0.0962315309526529,0.0759458353864128,-1.26710741231598,0.205116885532997,0.969223715687834
"254",330.531562224671,-0.0228424943576073,0.057424301793006,-0.397784450909762,0.690789079890548,0.969223715687834
"255",0,NA,NA,NA,NA,NA
"256",69.9377662867771,0.0599176762571339,0.0786288794160754,0.762031415201422,0.446041254669685,0.969223715687834
"257",0,NA,NA,NA,NA,NA
"258",215.551169908789,-0.0972603349917155,0.0694240493170357,-1.40096027167129,0.161225953631491,0.969223715687834
"259",0,NA,NA,NA,NA,NA
"260",353.498159209771,0.0774243780981889,0.0612996346062478,1.26304795445384,0.206571946381943,0.969223715687834
"261",370.621313621695,-0.0345541289521484,0.077047076832574,-0.448480725975312,0.65380629321279,0.969223715687834
"262",0,NA,NA,NA,NA,NA
"263",314.321784001141,0.0198986631073022,0.0598567150783878,0.332438274991254,0.739558341073147,0.969223715687834
"264",0,NA,NA,NA,NA,NA
"265",166.367402833319,-0.115172644219038,0.0779297872994518,-1.47790271486919,0.139433819567846,0.969223715687834
"266",462.424643246206,0.0652963961436793,0.0662200751126442,0.986051375396454,0.324107902757872,0.969223715687834
"267",247.970105615478,0.0639557774980902,0.0663002539233621,0.964638500057904,0.334725908716956,0.969223715687834
"268",37.6341740316606,0.0810871371197244,0.0771138469461044,1.0515249897518,0.29301753824949,0.969223715687834
"269",506.038899463867,-0.0478938533220369,0.0645365440992701,-0.74211989486711,0.458014696922765,0.969223715687834
"270",118.898200704797,0.0422594066054196,0.072565724728591,0.582360429300161,0.560323929550628,0.969223715687834
"271",588.76123228688,-0.0581576401589567,0.0710801808393101,-0.818197695507174,0.413244310832872,0.969223715687834
"272",0,NA,NA,NA,NA,NA
"273",337.940640640958,0.0512000528977813,0.0714439575251881,0.716646371104658,0.473592324345694,0.969223715687834
"274",63.6704271532559,0.0352911760937328,0.0780217484494566,0.452324855506088,0.65103497247559,0.969223715687834
"275",264.870915043764,-0.051086701337024,0.0718025155630836,-0.711489018684042,0.476781253329842,0.969223715687834
"276",0,NA,NA,NA,NA,NA
"277",0,NA,NA,NA,NA,NA
"278",148.128492326273,-0.0112451939967733,0.0700562776366166,-0.160516578615586,0.872474163105706,0.971483410312781
"279",126.120664939412,0.00399105025065265,0.0717009312613807,0.0556624604512256,0.955610705334615,0.98946987072491
"280",411.496728930772,-0.0387143933687036,0.0595931193274006,-0.649645358485254,0.515921326825942,0.969223715687834
"281",241.074322353248,-0.0737487418378411,0.0628928375680069,-1.17260954807605,0.240952418722438,0.969223715687834
"282",384.7753722379,-0.0578637926479852,0.0670287645842587,-0.863268076129425,0.38799009207955,0.969223715687834
"283",154.073874935324,-0.172490144087553,0.0678930394675537,-2.54061602544671,0.0110657371309857,0.969223715687834
"284",0,NA,NA,NA,NA,NA
"285",186.881257910399,-0.0290047285421332,0.0761773840069399,-0.38075248868471,0.703386916869273,0.969223715687834
"286",152.49388658024,-0.0152857763224733,0.0748305658907766,-0.204271825830965,0.838141085495996,0.969223715687834
"287",664.447024737416,-0.0630233315971904,0.0564426215145204,-1.11659114878243,0.26416917786804,0.969223715687834
"288",0,NA,NA,NA,NA,NA
"289",0,NA,NA,NA,NA,NA
"290",0,NA,NA,NA,NA,NA
"291",240.932786529381,-0.117681057214833,0.0633761174939675,-1.85686756886037,0.0633299976184268,0.969223715687834
"292",271.14807406426,-0.0333327091760774,0.0603998304777624,-0.551867594866008,0.581039071616266,0.969223715687834
"293",21.5282956042846,-0.0584169970842224,0.0751790387253162,-0.777038361685659,0.437136137796388,0.969223715687834
"294",166.784313614877,-0.127932634932182,0.0697700827703256,-1.83363169215837,0.0667086845127435,0.969223715687834
"295",0,NA,NA,NA,NA,NA
"296",71.5769885079102,0.0146626416982485,0.0781826922068997,0.187543320450591,0.851234661381468,0.969223715687834
"297",594.989257262442,0.0136740471706949,0.0575341140611219,0.237668510132409,0.812138209167623,0.969223715687834
"298",226.853614076851,-0.0570468640781454,0.0669081116117932,-0.852615067200466,0.393872804255004,0.969223715687834
"299",34.003238127263,0.119062104613386,0.077655052004896,1.53321775646844,0.125222210645659,0.969223715687834
"300",172.661443778601,-0.102549726056832,0.0679376329883918,-1.50946863389182,0.131179065092618,0.969223715687834
"301",147.998834621144,-0.00143131959986432,0.0722072842341844,-0.0198223713167529,0.984185071658465,0.992461203692331
"302",264.838751631938,0.0603851699760736,0.0633413099835568,0.953329983098697,0.340422904534973,0.969223715687834
"303",0,NA,NA,NA,NA,NA
"304",376.841253880274,-0.0744263529945643,0.0611635463150373,-1.21684168885849,0.223664455030006,0.969223715687834
"305",198.365121542553,0.00846682563768366,0.0637193858430001,0.132876761532908,0.89429084552288,0.972540184898347
"306",0,NA,NA,NA,NA,NA
"307",0,NA,NA,NA,NA,NA
"308",151.160867767906,-0.0457794876619773,0.0714258645708395,-0.640937116225924,0.521563539891971,0.969223715687834
"309",0,NA,NA,NA,NA,NA
"310",0,NA,NA,NA,NA,NA
"311",270.67638859329,0.0983112780572225,0.062845848638191,1.56432413894526,0.117741466047526,0.969223715687834
"312",0,NA,NA,NA,NA,NA
"313",0,NA,NA,NA,NA,NA
"314",37.1585073217018,0.0264524247337297,0.0783968300566268,0.337417019471614,0.735802556468038,0.969223715687834
"315",237.037957272696,0.191078208126018,0.0638453865467281,2.99282717923821,0.00276406219814244,0.969223715687834
"316",0,NA,NA,NA,NA,NA
"317",0,NA,NA,NA,NA,NA
"318",181.690590805038,0.0711348403418462,0.0664209662163316,1.0709696710849,0.284183066907081,0.969223715687834
"319",14.1897427072935,0.0389085309896237,0.0694046437916546,0.560604144967922,0.575067425229259,0.969223715687834
"320",348.880713924141,-0.0408381230151756,0.0771467144262402,-0.529356607327988,0.596558093768079,0.969223715687834
"321",0,NA,NA,NA,NA,NA
"322",353.966984459196,-0.11196626033878,0.0567232986675592,-1.97390248749435,0.0483928318771476,0.969223715687834
"323",275.14997364422,-0.0988902798592491,0.0612554401210264,-1.61439179383684,0.106442470562118,0.969223715687834
"324",420.654763626395,0.034877541234687,0.0637613764950602,0.547001071054184,0.584377996290125,0.969223715687834
"325",0,NA,NA,NA,NA,NA
"326",236.911323892614,-0.0253792987804571,0.0785620488925713,-0.323047821921774,0.746659025355461,0.969223715687834
"327",0,NA,NA,NA,NA,NA
"328",415.490925049629,0.0648927340180526,0.0641299198849971,1.01189482435692,0.311588344196938,0.969223715687834
"329",0,NA,NA,NA,NA,NA
"330",0,NA,NA,NA,NA,NA
"331",0,NA,NA,NA,NA,NA
"332",170.842483626233,0.0438843226117091,0.0729987139875489,0.601165694770928,0.547729630938609,0.969223715687834
"333",0,NA,NA,NA,NA,NA
"334",249.061283952418,0.158237908426098,0.0667755463592777,2.36969844581604,0.0178025985641484,0.969223715687834
"335",85.1144102347629,-0.0434704933293039,0.0760446741384229,-0.571644152885386,0.56756307653376,0.969223715687834
"336",527.21487121624,-0.0412054036014814,0.0597765259209011,-0.68932416139416,0.490619296534286,0.969223715687834
"337",0,NA,NA,NA,NA,NA
"338",69.6273701338608,-0.0031090074113643,0.0783429848362115,-0.0396845667530305,0.968344605931448,0.990937417811316
"339",222.368350246893,-0.00889004342676465,0.0680649508804582,-0.130611178172715,0.896082899580793,0.972540184898347
"340",0,NA,NA,NA,NA,NA
"341",34.3106748839314,0.0305200569513473,0.0780586779683872,0.390988647843966,0.695805627012037,0.969223715687834
"342",418.199049084321,-0.0245650530850424,0.0595878575318665,-0.412249308878163,0.680156699035427,0.969223715687834
"343",448.27012654101,-0.0221703505346084,0.0532398746842931,-0.416423792619278,0.677099921240089,0.969223715687834
"344",0,NA,NA,NA,NA,NA
"345",0,NA,NA,NA,NA,NA
"346",519.961557663193,0.000680333395298274,0.0546519330953008,0.012448478155602,0.990067807997857,0.992848897346165
"347",0,NA,NA,NA,NA,NA
"348",328.631351070236,0.00776681695177641,0.0619208557088691,0.125431356896832,0.900182064924248,0.974743685578629
"349",0,NA,NA,NA,NA,NA
"350",67.3581998480336,0.134203044314208,0.0782664551376689,1.71469429755248,0.086401289618331,0.969223715687834
"351",168.251780517641,0.0767738842407893,0.0687137750577361,1.11729975796383,0.2638661789517,0.969223715687834
"352",0,NA,NA,NA,NA,NA
"353",246.329629169275,-0.0273622602963732,0.0662291246922979,-0.41314543146235,0.679500065369907,0.969223715687834
"354",0,NA,NA,NA,NA,NA
"355",173.43270089646,0.0810557380816148,0.0751724541005156,1.07826382750831,0.280916034836032,0.969223715687834
"356",0,NA,NA,NA,NA,NA
"357",445.515255878732,-0.0197850858795171,0.0562263981154325,-0.351882506129922,0.724926379299772,0.969223715687834
"358",0,NA,NA,NA,NA,NA
"359",159.46104505592,-0.0440940121179233,0.0687070020634374,-0.641768826956111,0.521023292853495,0.969223715687834
"360",0,NA,NA,NA,NA,NA
"361",345.71703725964,0.0367869257460306,0.0646153365747943,0.569321893161518,0.56913771198592,0.969223715687834
"362",0,NA,NA,NA,NA,NA
"363",0,NA,NA,NA,NA,NA
"364",409.615564884671,0.0399272319540582,0.0725631779502131,0.550240949775559,0.582154120038637,0.969223715687834
"365",197.442483690066,0.0588586715510161,0.0717971797392852,0.819790857590056,0.412335343776683,0.969223715687834
"366",0,NA,NA,NA,NA,NA
"367",0,NA,NA,NA,NA,NA
"368",0,NA,NA,NA,NA,NA
"369",584.564033510144,0.0234414904288988,0.0550034462372748,0.426182212797658,0.669975077503895,0.969223715687834
"370",0,NA,NA,NA,NA,NA
"371",29.4731838298981,0.0753965084364498,0.0773294787045813,0.975003448872119,0.329558549193769,0.969223715687834
"372",163.731195794816,-0.00153036189238457,0.0708098919006312,-0.0216122613847816,0.982757252646185,0.992461203692331
"373",0,NA,NA,NA,NA,NA
"374",134.79176963664,-0.0315455541541608,0.0726239255327263,-0.434368617817906,0.664020782792201,0.969223715687834
"375",0,NA,NA,NA,NA,NA
"376",125.915026322754,-0.0251714362136488,0.0766353364655463,-0.328457306701659,0.742565919562609,0.969223715687834
"377",417.90536129228,0.0855521614759966,0.0588978433654823,1.45255168249735,0.146348269669245,0.969223715687834
"378",195.507527117658,0.0700982957890114,0.0637742813430595,1.09916245722838,0.271697211034352,0.969223715687834
"379",0,NA,NA,NA,NA,NA
"380",182.744745262249,0.00050055403744455,0.0717879274946826,0.00697267709088867,0.994436653681757,0.995831375496178
"381",232.624098437857,-0.0211355505087639,0.062609995422869,-0.337574701387758,0.735683709493968,0.969223715687834
"382",31.2826928690948,-0.114822698057014,0.0780722589717251,-1.47072339867351,0.141365935642907,0.969223715687834
"383",184.523000090914,-0.065796797230471,0.066027280239137,-0.996509276047245,0.319002762315283,0.969223715687834
"384",260.684079842135,-0.0286297815706359,0.0634690930307487,-0.451082254425248,0.651930266920426,0.969223715687834
"385",317.418968544795,-0.0500392197501595,0.057975903530546,-0.863103750057042,0.388080426303095,0.969223715687834
"386",515.192961268289,-0.0623340862403434,0.0631686510531308,-0.986788307192353,0.323746428098667,0.969223715687834
"387",352.963357045406,0.050156532014958,0.0670661226011273,0.747866882259792,0.454540455198767,0.969223715687834
"388",101.762787393033,0.130027896739081,0.0751210188131042,1.73091231713166,0.0834674044481335,0.969223715687834
"389",282.277907024572,0.0115504987801972,0.0725576610355312,0.159190616336722,0.873518696667794,0.971483410312781
"390",0,NA,NA,NA,NA,NA
"391",276.741897315926,-0.0126841267389329,0.0648672650099228,-0.195539718485012,0.84497044689905,0.969223715687834
"392",411.332644727687,0.0997332263080164,0.074144870186626,1.34511296677684,0.178588756400797,0.969223715687834
"393",463.470608332932,-0.014276836233667,0.029348973961235,-0.486450948933488,0.626647474866964,0.969223715687834
"394",0,NA,NA,NA,NA,NA
"395",1605.11748478129,-0.0516825134085913,0.0384870405418362,-1.34285496315081,NA,NA
"396",0,NA,NA,NA,NA,NA
"397",277.168884339311,-0.0433912825005987,0.0601249230243359,-0.721685456179891,0.470487885839139,0.969223715687834
"398",0,NA,NA,NA,NA,NA
"399",51.4774853402641,0.0464488354416483,0.0771379236891166,0.602153042501477,0.547072269559561,0.969223715687834
"400",288.477537111917,-0.0065325438709769,0.0767894385484375,-0.0850708638383425,0.932205053604385,0.986518318554598
"401",124.563803828296,0.125787752073627,0.0708635409727161,1.77507009030296,0.0758863148401219,0.969223715687834
"402",16.5053870733408,-0.036050367058028,0.0721428975539669,-0.499707778316782,0.617280854726604,0.969223715687834
"403",173.610211911373,0.0202432488921091,0.0765337752159751,0.264500853838498,0.791394006964057,0.969223715687834
"404",0,NA,NA,NA,NA,NA
"405",0,NA,NA,NA,NA,NA
"406",0,NA,NA,NA,NA,NA
"407",168.558896685418,0.0167028654063862,0.0761053887262313,0.219470206853161,0.826283785616362,0.969223715687834
"408",0,NA,NA,NA,NA,NA
"409",55.8255676639473,-0.0691995639008021,0.0786393585863134,-0.879960939977018,0.378880469823013,0.969223715687834
"410",391.784096174584,-0.126391014253833,0.0559903277845546,-2.25737228651658,0.0239848219160641,0.969223715687834
"411",280.025981898982,-0.114398149210298,0.0677978800866028,-1.6873410947978,0.0915377833614296,0.969223715687834
"412",32.5227850386321,0.0175017817391382,0.077379316680508,0.226181652797497,0.821060139828211,0.969223715687834
"413",194.039149425942,0.125944222883293,0.0682094514673214,1.84643359789562,0.0648292725978301,0.969223715687834
"414",0,NA,NA,NA,NA,NA
"415",397.941035184045,0.0533352050880279,0.0591214080377081,0.902130156541779,0.36698773102568,0.969223715687834
"416",0,NA,NA,NA,NA,NA
"417",352.184024403579,-0.0208592010719028,0.070861193865971,-0.294367056690528,0.768477437240183,0.969223715687834
"418",40.4141093067364,-0.0194305491517032,0.0784921417627864,-0.247547699875803,0.804484380726859,0.969223715687834
"419",261.191496687681,-0.0398753756289471,0.0674649826445508,-0.591052929473597,0.554484957142749,0.969223715687834
"420",0,NA,NA,NA,NA,NA
"421",0,NA,NA,NA,NA,NA
"422",315.572653893351,-0.00661451899314909,0.0720268430096834,-0.0918340818055821,0.926829865100662,0.984756731669454
"423",0,NA,NA,NA,NA,NA
"424",69.9890861357839,0.0454432665924505,0.0779301831231495,0.583127932865736,0.55980718101435,0.969223715687834
"425",481.482825849035,0.0220072746660645,0.0240454058189564,0.915238230195093,0.360066578763309,0.969223715687834
"426",0,NA,NA,NA,NA,NA
"427",280.231973452675,0.0180672091709432,0.0638426596655401,0.282995872440058,0.777180001047618,0.969223715687834
"428",0,NA,NA,NA,NA,NA
"429",0,NA,NA,NA,NA,NA
"430",0,NA,NA,NA,NA,NA
"431",267.427644686896,0.0955507282476332,0.0579393378360133,1.64915119530831,0.0991166635686695,0.969223715687834
"432",38.8208396050303,-0.0864799558786301,0.0758885000288644,-1.1395660191694,0.254467149027898,0.969223715687834
"433",0,NA,NA,NA,NA,NA
"434",249.842059591235,-0.00147777955960545,0.0692108175856485,-0.0213518581510281,0.982964976429793,0.992461203692331
"435",0,NA,NA,NA,NA,NA
"436",371.720289092764,-0.062916546207644,0.0584415987376271,-1.07657127057915,0.2816718448342,0.969223715687834
"437",0,NA,NA,NA,NA,NA
"438",0,NA,NA,NA,NA,NA
"439",0,NA,NA,NA,NA,NA
"440",190.909299458188,0.0329052860357468,0.0653906012742855,0.503211247404244,0.614815757897095,0.969223715687834
"441",530.242296950594,-0.0425521516113518,0.058730787650563,-0.724528876822307,0.468741105515277,0.969223715687834
"442",0,NA,NA,NA,NA,NA
"443",716.914743394216,-0.0634139408932306,0.0729903136006982,-0.868799403166614,0.384956859627094,0.969223715687834
"444",0,NA,NA,NA,NA,NA
"445",421.997951303937,-0.00977347193051077,0.0631236874575078,-0.154830497459292,0.876954947627339,0.972276137586833
"446",0,NA,NA,NA,NA,NA
"447",264.826567134337,0.13158761971808,0.0607982793726877,2.16433131127709,0.0304389313291392,0.969223715687834
"448",36.8298005790989,0.0775970034185362,0.0784047911508951,0.98969721466633,0.322322136830905,0.969223715687834
"449",471.860786820313,0.0120622645488993,0.0591334488996244,0.203983781994085,0.838366172552197,0.969223715687834
"450",179.590164024346,0.0412741288820028,0.067479355899768,0.611655643887744,0.540765614584629,0.969223715687834
"451",33.1183041591669,0.0972559611856838,0.0759273279601946,1.28090851869133,0.200225800312628,0.969223715687834
"452",258.230806915003,-0.0393370095394342,0.0606057656741814,-0.649063815989246,0.516297128671692,0.969223715687834
"453",296.527692362642,0.0148256543049607,0.0598455332598684,0.247732011018818,0.804341762513798,0.969223715687834
"454",40.718120889145,0.0107449503959661,0.0754599814502062,0.142392698612792,0.886769829286001,0.972540184898347
"455",305.621102592868,0.0495195833782888,0.0782674917501433,0.632696695281514,0.526931728355624,0.969223715687834
"456",0,NA,NA,NA,NA,NA
"457",0,NA,NA,NA,NA,NA
"458",61.706018406633,0.0483628732098792,0.0781146057093168,0.619127150047318,0.53583259879472,0.969223715687834
"459",250.240082940058,0.1071824148195,0.0614895569181377,1.74309948211523,0.0813162390722375,0.969223715687834
"460",0,NA,NA,NA,NA,NA
"461",378.558022454837,0.0637452208631515,0.0691612543579157,0.921689773485951,0.356690416339742,0.969223715687834
"462",0,NA,NA,NA,NA,NA
"463",419.803944363146,-0.0101422193547968,0.0535117265071396,-0.189532650445199,0.849675367469501,0.969223715687834
"464",227.82436751853,-0.0123559944191074,0.0703741340218889,-0.175575793447976,0.860627220932894,0.969223715687834
"465",87.4244613621243,-0.0344544747051719,0.0777488238204229,-0.443151073059982,0.657656465541067,0.969223715687834
"466",16.8229423802482,0.0148859895469024,0.0709553596472801,0.209793729760525,0.833828667091897,0.969223715687834
"467",145.486079845391,-0.0321823929595923,0.0753088821505322,-0.427338609212975,0.669132715135558,0.969223715687834
"468",194.142674431457,0.0999937106529602,0.0761823775584078,1.31255696996719,0.189332277265073,0.969223715687834
"469",0,NA,NA,NA,NA,NA
"470",0,NA,NA,NA,NA,NA
"471",0,NA,NA,NA,NA,NA
"472",154.828571628343,-0.0194205796300599,0.0703318948219456,-0.276127632836078,0.782450037492724,0.969223715687834
"473",0,NA,NA,NA,NA,NA
"474",220.338094277975,-0.080391483980632,0.0613391496491139,-1.31060643064838,0.189990765510377,0.969223715687834
"475",0,NA,NA,NA,NA,NA
"476",397.172475678187,-0.0590484030419564,0.059680161869499,-0.989414257472625,0.322460501675393,0.969223715687834
"477",0,NA,NA,NA,NA,NA
"478",302.657196763274,0.0425616336299934,0.0761687969892897,0.558780436508379,0.576311575601638,0.969223715687834
"479",0,NA,NA,NA,NA,NA
"480",143.624759602966,0.0211846858615365,0.0781358777772621,0.271126228618389,0.786293949312238,0.969223715687834
"481",141.975246869743,0.087010947463559,0.0765759206033839,1.1362703416159,0.25584343929306,0.969223715687834
"482",212.314107421832,0.0521188038748022,0.0726430407936842,0.717464512847506,0.473087525521623,0.969223715687834
"483",0,NA,NA,NA,NA,NA
"484",280.371533237754,0.0273735143512395,0.0706757269896757,0.387311394125995,0.698525691261428,0.969223715687834
"485",0,NA,NA,NA,NA,NA
"486",245.192895788143,0.0458736333260887,0.0762263877047906,0.601807782152134,0.547302094342201,0.969223715687834
"487",0,NA,NA,NA,NA,NA
"488",643.308744956165,-0.0625347052932131,0.0562908270680291,-1.11092177092438,0.266602023538385,0.969223715687834
"489",0,NA,NA,NA,NA,NA
"490",391.942321378291,0.057305503610727,0.062622862005175,0.915089182701223,0.360144813311942,0.969223715687834
"491",0,NA,NA,NA,NA,NA
"492",165.758278905213,0.0531788007802705,0.0680485599636263,0.781483117478106,0.434518402373631,0.969223715687834
"493",0,NA,NA,NA,NA,NA
"494",300.451656235674,-0.0208977288863971,0.0632509213231757,-0.330394063030667,0.741102226926516,0.969223715687834
"495",0,NA,NA,NA,NA,NA
"496",0,NA,NA,NA,NA,NA
"497",0,NA,NA,NA,NA,NA
"498",456.178008983294,-0.0903697900485429,0.0733170544362454,-1.23258893504957,0.217729167223719,0.969223715687834
"499",0,NA,NA,NA,NA,NA
"500",139.556907927491,-0.0472482565312513,0.0710941190853323,-0.664587410873473,0.506314423507466,0.969223715687834
"501",102.007054494208,0.0363719163022553,0.0754336037539859,0.482171267077153,0.629684286356118,0.969223715687834
"502",0,NA,NA,NA,NA,NA
"503",236.938867154671,-0.0180303959117983,0.068179502029271,-0.264454790298372,0.791429497147607,0.969223715687834
"504",0,NA,NA,NA,NA,NA
"505",0,NA,NA,NA,NA,NA
"506",315.151941074336,0.031030806641886,0.0655076391349107,0.473697526756828,0.635715617274199,0.969223715687834
"507",0,NA,NA,NA,NA,NA
"508",310.34698828854,-0.0565805628090366,0.0602217919016379,-0.939536354239533,0.347455436157927,0.969223715687834
"509",290.878172371656,0.0183532733642546,0.0603031514916268,0.304350152691488,0.760861139867143,0.969223715687834
"510",0,NA,NA,NA,NA,NA
"511",251.770723592625,-0.0412125154001199,0.0590593742959507,-0.697814968265682,0.485292916968164,0.969223715687834
"512",0,NA,NA,NA,NA,NA
"513",59.1068831329647,0.148631645651379,0.078406017885479,1.89566629781496,0.0580041845052397,0.969223715687834
"514",210.441499756195,-0.0281235899933183,0.0732372452018372,-0.384006661034443,0.700973510516627,0.969223715687834
"515",207.037144178521,-0.17854778529513,0.0660623980932427,-2.70271425876975,0.00687758422971953,0.969223715687834
"516",0,NA,NA,NA,NA,NA
"517",225.513571267475,-0.0390755758515186,0.0685367222295011,-0.57014071552285,0.568582261810296,0.969223715687834
"518",191.637322352454,-0.0128119302985031,0.0692260463995646,-0.185073840914649,0.853171119074693,0.969223715687834
"519",139.076229459526,-0.070816289709072,0.0712659102703869,-0.993690944806444,0.320373352557023,0.969223715687834
"520",0,NA,NA,NA,NA,NA
"521",384.916914405157,-0.0933246604426093,0.0592918535440209,-1.57398790667458,0.115490245282064,0.969223715687834
"522",0,NA,NA,NA,NA,NA
"523",74.1900948155291,-0.00128927691701359,0.0785299185194165,-0.0164176525497707,0.986901196948956,0.992461203692331
"524",0,NA,NA,NA,NA,NA
"525",330.035350805502,0.0354465328858086,0.057358339470134,0.617983944675826,0.536585922073231,0.969223715687834
"526",0,NA,NA,NA,NA,NA
"527",0,NA,NA,NA,NA,NA
"528",0,NA,NA,NA,NA,NA
"529",0,NA,NA,NA,NA,NA
"530",0,NA,NA,NA,NA,NA
"531",0,NA,NA,NA,NA,NA
"532",0,NA,NA,NA,NA,NA
"533",0,NA,NA,NA,NA,NA
"534",0,NA,NA,NA,NA,NA
"535",0,NA,NA,NA,NA,NA
"536",237.213492146938,0.136328709926937,0.0624946102872813,2.18144747683438,0.0291503352887444,0.969223715687834
"537",0,NA,NA,NA,NA,NA
"538",0,NA,NA,NA,NA,NA
"539",139.586276215096,0.0438682794335307,0.0769457107717403,0.570119880543648,0.568596392056711,0.969223715687834
"540",0,NA,NA,NA,NA,NA
"541",334.038364681542,-0.0419085599428528,0.0620926178650046,-0.674936270749061,0.499716255197869,0.969223715687834
"542",54.4264916391387,-0.00574632700050051,0.0785077624378169,-0.0731943800468388,0.941651438467095,0.988188993458209
"543",205.347376501549,0.0138429005073699,0.0646258411480766,0.214200701475619,0.830390549078851,0.969223715687834
"544",1022.76561134982,0.0270243740003027,0.0609048424512766,0.443714701699163,0.657248864902753,0.969223715687834
"545",125.261369979045,-0.0464419597747927,0.0724153006768164,-0.641327997546533,0.521309602651454,0.969223715687834
"546",0,NA,NA,NA,NA,NA
"547",242.730084492949,-0.0538394202414901,0.063756546198093,-0.844453212289917,0.398416197926985,0.969223715687834
"548",255.593000645166,-0.0571088188331003,0.0705878430339143,-0.809046096020558,0.418488632187366,0.969223715687834
"549",0,NA,NA,NA,NA,NA
"550",59.4744382667805,-0.041260532090365,0.0782962726005087,-0.526979519202514,0.598207811147432,0.969223715687834
"551",370.980562693157,-0.0204809391832919,0.0646080044092964,-0.317003123228256,0.751241232394017,0.969223715687834
"552",0,NA,NA,NA,NA,NA
"553",64.4805069473454,0.145684370993524,0.0784781001814383,1.85636974718689,0.063400873782022,0.969223715687834
"554",333.889311482913,0.00862655361303796,0.0661626053649339,0.130384128095567,0.896262523337692,0.972540184898347
"555",0,NA,NA,NA,NA,NA
"556",84.5231534625925,0.06217050351767,0.0772956751402049,0.804320596267519,0.42121184573726,0.969223715687834
"557",0,NA,NA,NA,NA,NA
"558",300.97937534888,0.103666786048367,0.0592799803068314,1.74876552778512,0.0803315578347343,0.969223715687834
"559",0,NA,NA,NA,NA,NA
"560",59.0833830213918,-0.0843058972167155,0.0784223380582458,-1.07502402126929,0.28236397384507,0.969223715687834
"561",0,NA,NA,NA,NA,NA
"562",621.583426027338,-0.070442329653254,0.0641554865496074,-1.09799384965751,0.272207174908496,0.969223715687834
"563",0,NA,NA,NA,NA,NA
"564",82.9892149099529,0.0713142090778337,0.0786450437673132,0.906785801897839,0.364520079489606,0.969223715687834
"565",384.676641896966,0.098384292005884,0.0556766237237703,1.76706641720949,0.0772171058951514,0.969223715687834
"566",0,NA,NA,NA,NA,NA
"567",57.4738662520133,0.0406831024895454,0.0786150494037518,0.517497639422762,0.604808816355621,0.969223715687834
"568",199.234614946745,-0.05123289733211,0.0634126419276592,-0.807928762699341,0.419131592390418,0.969223715687834
"569",0,NA,NA,NA,NA,NA
"570",275.485539108078,0.0273861563826699,0.0577970416012889,0.473833186334907,0.635618867259329,0.969223715687834
"571",0,NA,NA,NA,NA,NA
"572",298.895025647425,0.0920574222883508,0.0597451460265534,1.54083517090135,0.123356907162957,0.969223715687834
"573",299.894566286945,0.0228629199258667,0.0585188157038385,0.39069348295726,0.696023816612842,0.969223715687834
"574",222.914935078628,0.0125625470068086,0.0536183488924388,0.2342956705364,0.814755446808245,0.969223715687834
"575",0,NA,NA,NA,NA,NA
"576",1171.68111419224,-0.0162997894660748,0.0590797393829915,-0.275894742195958,0.782628912368809,0.969223715687834
"577",0,NA,NA,NA,NA,NA
"578",599.841220784379,-0.0387489091629353,0.0709437633393549,-0.546191903826449,0.584934030807022,0.969223715687834
"579",118.134941361191,0.00242735924189179,0.0717971904459224,0.0338085547194228,0.973029814167148,0.992461203692331
"580",0,NA,NA,NA,NA,NA
"581",0,NA,NA,NA,NA,NA
"582",149.8124486258,0.069956119944645,0.0780003271406665,0.896869571053023,0.36978851888226,0.969223715687834
"583",0,NA,NA,NA,NA,NA
"584",334.698667702292,0.00669746661643472,0.0650404609570127,0.102973849168463,0.917983725939912,0.983441056019747
"585",0,NA,NA,NA,NA,NA
"586",430.295320084544,-0.0295823754042407,0.0630053368409257,-0.469521740339703,0.638696748883561,0.969223715687834
"587",0,NA,NA,NA,NA,NA
"588",68.8215435109711,0.0796727106683435,0.0783132517781897,1.01735924456316,0.308982562519498,0.969223715687834
"589",136.785148245902,0.0932638969858511,0.0772784106564073,1.20685578538252,0.227487687876114,0.969223715687834
"590",157.779325327917,0.0485061995586295,0.0692805019695967,0.700142149372937,0.483838535461327,0.969223715687834
"591",479.612115360208,-0.0149303588875,0.0782727199967699,-0.1907479245402,0.848723089624213,0.969223715687834
"592",0,NA,NA,NA,NA,NA
"593",402.048044559121,0.0613178942838408,0.0670905202553002,0.913957650805318,0.36073909875776,0.969223715687834
"594",0,NA,NA,NA,NA,NA
"595",0,NA,NA,NA,NA,NA
"596",62.3599209199545,-0.0133431960592594,0.0743705528066277,-0.179415044741611,0.857611819059562,0.969223715687834
"597",244.99028853296,-0.031107912236202,0.0701680547546734,-0.443334396898471,0.657523879634958,0.969223715687834
"598",59.9022066690781,0.024129524840729,0.078082383533245,0.309026489060179,0.757301376990492,0.969223715687834
"599",526.585963908562,-0.0674988047910407,0.056577325023247,-1.19303634032373,0.232855141084846,0.969223715687834
"600",0,NA,NA,NA,NA,NA
"601",0,NA,NA,NA,NA,NA
"602",34.3203612156535,0.027308301662418,0.077708240271247,0.35142092482208,0.725272586484339,0.969223715687834
"603",402.062723182088,0.0329329729488541,0.0591277610761465,0.556979874587878,0.577541179660966,0.969223715687834
"604",0,NA,NA,NA,NA,NA
"605",177.048224762954,-0.0347262192065421,0.0762858650350371,-0.455211711771149,0.648956935562088,0.969223715687834
"606",0,NA,NA,NA,NA,NA
"607",311.618863395286,0.0436315659374771,0.0706690610020875,0.61740690082451,0.536966371434435,0.969223715687834
"608",11.9789688915242,-0.0498656298008526,0.0696270707432416,-0.716181641257583,0.473879197570161,0.969223715687834
"609",278.094203676087,0.0713704591587133,0.0662723431594835,1.07692675037853,0.281512991260637,0.969223715687834
"610",315.207268535031,0.0068586832133707,0.0626441799611182,0.109486359588835,0.912816740198789,0.981316492532128
"611",0,NA,NA,NA,NA,NA
"612",49.4042862625653,0.102680848170377,0.0783332176885427,1.31082127353228,0.189918153507567,0.969223715687834
"613",353.254824865885,-0.0354878797412041,0.0544567445857859,-0.651670973194145,0.514613451752564,0.969223715687834
"614",0,NA,NA,NA,NA,NA
"615",378.989815559397,0.116571481824601,0.0626654791255738,1.86021847197571,0.0628546226540355,0.969223715687834
"616",0,NA,NA,NA,NA,NA
"617",357.594434512587,-0.0395121059091867,0.0570367287138163,-0.692748458759619,0.488467422507032,0.969223715687834
"618",402.841727848323,-0.0350254675266915,0.062982103418931,-0.556117779898783,0.578130341220224,0.969223715687834
"619",331.043975210995,-0.0194566194406614,0.0765184940173585,-0.254273423575842,0.799284330111287,0.969223715687834
"620",337.000514781333,-0.0671836001914475,0.0673816968892372,-0.997060081491931,0.318735347664959,0.969223715687834
"621",0,NA,NA,NA,NA,NA
"622",61.0285230622016,0.0329532740468355,0.0783757168603506,0.420452601480526,0.674154848278788,0.969223715687834
"623",0,NA,NA,NA,NA,NA
"624",281.855874246455,0.0873829799069376,0.0650026936836971,1.34429782759685,0.178852097787509,0.969223715687834
"625",0,NA,NA,NA,NA,NA
"626",69.0660227865901,-0.00416910779588105,0.0784104105504679,-0.0531703349926686,0.957596191415845,0.98946987072491
"627",236.593101334286,-0.00844753411519301,0.0606529542953887,-0.139276548246146,0.889231621035679,0.972540184898347
"628",0,NA,NA,NA,NA,NA
"629",316.732223093504,0.02878132625206,0.0639723632880508,0.449902501217053,0.652780743998098,0.969223715687834
"630",0,NA,NA,NA,NA,NA
"631",79.9988054744811,-0.0396944414472137,0.0780745365503588,-0.508417253576784,0.611160755418874,0.969223715687834
"632",185.170973095329,0.1130331642783,0.07009180891276,1.61264441639661,0.106821782852468,0.969223715687834
"633",0,NA,NA,NA,NA,NA
"634",199.564890848872,0.0569416071857692,0.0666903596152888,0.853820664849366,0.393204362700709,0.969223715687834
"635",0,NA,NA,NA,NA,NA
"636",310.766707639012,-0.0200346690396439,0.0751333049958908,-0.266654968003067,0.78973482907392,0.969223715687834
"637",0,NA,NA,NA,NA,NA
"638",0,NA,NA,NA,NA,NA
"639",240.322729091882,-0.0063571313372423,0.0769588230237962,-0.0826043212131328,0.934166165189774,0.986518318554598
"640",0,NA,NA,NA,NA,NA
"641",327.687675479559,-0.0368832156424946,0.077951739382791,-0.473154491927054,0.636102962365998,0.969223715687834
"642",0,NA,NA,NA,NA,NA
"643",181.683579166811,0.126341756120668,0.0662367952293109,1.90742555830598,0.056465502332894,0.969223715687834
"644",0,NA,NA,NA,NA,NA
"645",222.171388511232,-0.006268881943914,0.0637582643263664,-0.0983226568374696,0.921676087792207,0.984756731669454
"646",0,NA,NA,NA,NA,NA
"647",208.319924020725,-0.00442687628757942,0.047655692832559,-0.0928929163433528,0.925988633354199,0.984756731669454
"648",0,NA,NA,NA,NA,NA
"649",194.129181903344,-0.0207616230748846,0.0702253650309739,-0.295642793251803,0.76750288939152,0.969223715687834
"650",383.312699418589,-0.0601241617723021,0.0638379587681459,-0.941824628050342,0.346282433931253,0.969223715687834
"651",235.081152069117,0.0329437779610151,0.0683600895877595,0.481915371376487,0.629866066091074,0.969223715687834
"652",58.703285222515,0.146453223364639,0.0785992993308142,1.86328917193315,0.0624215927520882,0.969223715687834
"653",463.132543432573,0.0148003128979813,0.0777810731673105,0.190281675159524,0.849088412420737,0.969223715687834
"654",0,NA,NA,NA,NA,NA
"655",72.5194480083538,-0.0557603450989408,0.0786211080104357,-0.709228685654487,0.478182575016407,0.969223715687834
"656",678.808379693416,0.0278112573536063,0.0576679946026419,0.482265033581248,0.629617683386337,0.969223715687834
"657",0,NA,NA,NA,NA,NA
"658",340.031680981739,-0.0546332417942608,0.0580444822700493,-0.941230581402761,0.346586708164558,0.969223715687834
"659",0,NA,NA,NA,NA,NA
"660",161.846712444192,0.0616329287305944,0.0727696052617922,0.846959778177536,0.397017540943288,0.969223715687834
"661",388.505997818705,-0.0150103424878283,0.0324512548823093,-0.462550448118762,0.643686633800598,0.969223715687834
"662",274.345595223697,0.0234814493217072,0.0701805411559534,0.334586324570044,0.737937162324647,0.969223715687834
"663",0,NA,NA,NA,NA,NA
"664",427.150300732721,0.0175675523045735,0.077945478579944,0.225382570286685,0.821681669746849,0.969223715687834
"665",0,NA,NA,NA,NA,NA
"666",229.303451235502,-0.00121769053069371,0.06602532529227,-0.0184427797258618,0.985285624951591,0.992461203692331
"667",229.491211821081,0.0512131681844798,0.0684811846872905,0.747842906315616,0.454554918524383,0.969223715687834
"668",496.709885500811,-0.0123145933727317,0.0760904471858931,-0.161841516618328,0.871430658458112,0.971483410312781
"669",0,NA,NA,NA,NA,NA
"670",408.61137867759,0.0354037093754111,0.0622042074648375,0.569152969201061,0.569252334208016,0.969223715687834
"671",0,NA,NA,NA,NA,NA
"672",295.96097857614,-0.0453272162100958,0.0574812193261895,-0.788556971153949,0.430370988329788,0.969223715687834
"673",408.48644646617,-0.0221627164595119,0.0786345777883766,-0.281844413524502,0.778062813753949,0.969223715687834
"674",157.781963003851,0.0462725113276326,0.067802131588078,0.682463961586851,0.494945623234739,0.969223715687834
"675",61.6408798111454,0.0248415025843633,0.078098934972321,0.318077353976304,0.750426261170741,0.969223715687834
"676",337.860012895632,-0.0703801004713019,0.0689071307457978,-1.02137615816479,0.307076256658029,0.969223715687834
"677",63.9868101553016,0.015693122090818,0.0784204792352743,0.200115100594273,0.841390563665178,0.969223715687834
"678",0,NA,NA,NA,NA,NA
"679",222.998282500436,-0.0200584277283835,0.0634809220881573,-0.315975683222244,0.75202096526892,0.969223715687834
"680",0,NA,NA,NA,NA,NA
"681",333.872603224022,0.121372254720508,0.0623273541241471,1.94733526596928,0.0514945533622329,0.969223715687834
"682",383.694983450678,0.0342385141561158,0.0538256502076045,0.636100335510273,0.524711026859639,0.969223715687834
"683",0,NA,NA,NA,NA,NA
"684",298.726791026178,0.0267532704357222,0.0610116922926398,0.43849415465156,0.661028106558151,0.969223715687834
"685",0,NA,NA,NA,NA,NA
"686",337.594998166487,-0.0195142237535172,0.0620379196264817,-0.314553161534244,0.7531009467315,0.969223715687834
"687",272.062534321307,0.166611006624442,0.0693743088271564,2.40162402251167,0.0163224750090499,0.969223715687834
"688",0,NA,NA,NA,NA,NA
"689",49.959291953952,0.021725376319736,0.0685528567309931,0.316914237505639,0.751308678494913,0.969223715687834
"690",164.427237878138,0.0351647842926267,0.0704869272841569,0.498883773878601,0.617861265687636,0.969223715687834
"691",0,NA,NA,NA,NA,NA
"692",242.820838066398,-0.0917761835641137,0.0710422371620112,-1.29185379332606,0.196407782085215,0.969223715687834
"693",532.767993631409,-0.0445201306636366,0.0591950372360076,-0.752092282434709,0.451995564740391,0.969223715687834
"694",0,NA,NA,NA,NA,NA
"695",0,NA,NA,NA,NA,NA
"696",0,NA,NA,NA,NA,NA
"697",0,NA,NA,NA,NA,NA
"698",0,NA,NA,NA,NA,NA
"699",430.249660421463,0.00650680770238799,0.0602310303303909,0.108030821765718,0.913971243044629,0.981316492532128
"700",0,NA,NA,NA,NA,NA
"701",331.697439600563,0.0947161633165056,0.0680926771213349,1.39098897738637,0.16422876927125,0.969223715687834
"702",0,NA,NA,NA,NA,NA
"703",29.9271837645315,0.0803979832364572,0.0777056282263875,1.03464813388067,0.300833266240037,0.969223715687834
"704",29.9271837645315,0.0803979832364572,0.0777056282263875,1.03464813388067,0.300833266240037,0.969223715687834
"705",192.112381687683,-0.0535178201057797,0.0691741688196746,-0.773667700226245,0.439127325508807,0.969223715687834
"706",0,NA,NA,NA,NA,NA
"707",102.203900197777,-0.0170110047478611,0.0757569498442525,-0.224547117892599,0.822331608021735,0.969223715687834
"708",941.286334137316,0.00593096832923288,0.0581094724261877,0.102065430670818,0.918704740007243,0.983441056019747
"709",0,NA,NA,NA,NA,NA
"710",335.212253971784,0.0164007392972571,0.0602067196959011,0.272407122993842,0.785308996370898,0.969223715687834
"711",0,NA,NA,NA,NA,NA
"712",830.012443606058,-0.0261421329862283,0.0475617040754696,-0.549646685172311,0.582561731416844,0.969223715687834
"713",0,NA,NA,NA,NA,NA
"714",335.117082355951,-0.0541871172903134,0.067949183609326,-0.797465317638876,0.425180837662002,0.969223715687834
"715",0,NA,NA,NA,NA,NA
"716",717.939511959381,-0.0164200692167445,0.046792727724565,-0.350910708035608,0.725655337860293,0.969223715687834
"717",26.6313931436485,0.012030563472355,0.0768933403270034,0.156457807934897,0.875672174005546,0.972276137586833
"718",0,NA,NA,NA,NA,NA
"719",0,NA,NA,NA,NA,NA
"720",437.168228714332,-0.115057072098,0.0560397694325077,-2.05313250327645,0.0400597283848756,0.969223715687834
"721",0,NA,NA,NA,NA,NA
"722",60.7712447100009,0.0349295159342424,0.0786256690884253,0.444250794164427,0.656861272238592,0.969223715687834
"723",0,NA,NA,NA,NA,NA
"724",430.138351143973,0.03018754255834,0.0739516421965018,0.408206520662877,0.683122061332236,0.969223715687834
"725",0,NA,NA,NA,NA,NA
"726",329.730848389892,0.0525955454409136,0.067856485015958,0.775099762808883,0.438280711749104,0.969223715687834
"727",0,NA,NA,NA,NA,NA
"728",192.693962715574,0.0570071262981234,0.0637312778527248,0.894492127238684,0.371058640162207,0.969223715687834
"729",306.858053877399,-0.0347819158488551,0.060650863815583,-0.573477666445347,0.566321316618683,0.969223715687834
"730",0,NA,NA,NA,NA,NA
"731",0,NA,NA,NA,NA,NA
"732",162.948863046664,0.0314358377378663,0.0703018250578584,0.447155357801801,0.654762891610389,0.969223715687834
"733",0,NA,NA,NA,NA,NA
"734",653.359570210209,-0.0202413136391263,0.0588541208351586,-0.343923473019317,0.730903838568822,0.969223715687834
"735",0,NA,NA,NA,NA,NA
"736",5815.33980864675,-0.0167004474606988,0.0231848645496582,-0.720316800856402,NA,NA
"737",8589.76406387276,-0.00844119955863347,0.021600296719526,-0.390790907562065,NA,NA
"738",200.907727693122,0.0985479136576505,0.070088863831607,1.40604239062026,0.159711537476669,0.969223715687834
"739",0,NA,NA,NA,NA,NA
"740",182.422377947923,0.102579536929103,0.0661516805237259,1.55067167027317,0.120980386949065,0.969223715687834
"741",325.57765042432,-0.0255680402127617,0.0586863085480997,-0.435673001851972,0.663073996649914,0.969223715687834
"742",0,NA,NA,NA,NA,NA
"743",577.986487328343,-0.0790841177070465,0.0720501114256371,-1.09762658436232,0.272367579524694,0.969223715687834
"744",1284.68122053496,-0.0135568627923417,0.0314694075791745,-0.430794979480744,NA,NA
"745",722.144654988145,-0.0440974383867352,0.0770543330143352,-0.572290183584242,0.567125398989474,0.969223715687834
"746",0,NA,NA,NA,NA,NA
"747",0,NA,NA,NA,NA,NA
"748",411.740692878543,-0.0596153213552372,0.0594384368041093,-1.00297592871951,0.315872475532454,0.969223715687834
"749",0,NA,NA,NA,NA,NA
"750",0,NA,NA,NA,NA,NA
"751",0,NA,NA,NA,NA,NA
"752",115.759012728818,-0.0350582002970494,0.0731865053954073,-0.479025472081762,0.631920507770171,0.969223715687834
"753",0,NA,NA,NA,NA,NA
"754",252.354714918473,0.011474240412951,0.0621153185693273,0.184724809873502,0.853444885593928,0.969223715687834
"755",235.996588318722,0.0547451932635327,0.0645816125386481,0.847690094928662,0.396610584071901,0.969223715687834
"756",0,NA,NA,NA,NA,NA
"757",166.769958840593,0.105765435460706,0.0680565792355257,1.55408098157094,0.120165101100697,0.969223715687834
"758",0,NA,NA,NA,NA,NA
"759",193.980572623577,-0.019759832369137,0.0782406747768812,-0.252551916576462,0.80061449061013,0.969223715687834
"760",0,NA,NA,NA,NA,NA
"761",148.025149334656,-0.0188885708263865,0.0741470858849217,-0.254744614720288,0.79892035515756,0.969223715687834
"762",114.02966738634,0.01036757064946,0.0755653438034553,0.137200072515066,0.890872653594098,0.972540184898347
"763",146.538440998063,-0.0370784578355434,0.0765153572907079,-0.484588442744503,0.627968313474449,0.969223715687834
"764",558.491740315664,-0.053504343075901,0.0740908901884985,-0.722144692009745,0.470205523305748,0.969223715687834
"765",124.104245781495,0.0654417658619669,0.0719294698765532,0.909804645777028,0.362925544086141,0.969223715687834
"766",0,NA,NA,NA,NA,NA
"767",350.582225005957,-0.0187039533615904,0.0653775397768373,-0.286091422611425,0.774808100889424,0.969223715687834
"768",0,NA,NA,NA,NA,NA
"769",332.844358231165,-0.0157800531324803,0.0651450031046769,-0.242229678109378,0.808602199875746,0.969223715687834
"770",404.170383584554,0.00406360269926948,0.0642406151083059,0.0632559743149795,0.949562672922848,0.988576345438664
"771",0,NA,NA,NA,NA,NA
"772",0,NA,NA,NA,NA,NA
"773",370.855166062912,0.00175913784745536,0.0690329338118944,0.0254825885315664,0.979670036317237,0.992461203692331
"774",0,NA,NA,NA,NA,NA
"775",52.1457639739821,0.082772518822068,0.0784729012065697,1.05479111323003,0.291520869872016,0.969223715687834
"776",219.174522111218,-0.00223655415017849,0.0704093536324715,-0.0317650146577547,0.974659446807144,0.992461203692331
"777",0,NA,NA,NA,NA,NA
"778",59.9427605720817,-0.0533038546194247,0.0785059841467404,-0.678978235847489,0.497151652170713,0.969223715687834
"779",0,NA,NA,NA,NA,NA
"780",0,NA,NA,NA,NA,NA
"781",282.162741498529,0.0962952959673664,0.068058280315336,1.41489463914162,0.157099390031114,0.969223715687834
"782",0,NA,NA,NA,NA,NA
"783",0,NA,NA,NA,NA,NA
"784",0,NA,NA,NA,NA,NA
"785",280.874613116291,0.0610337454432794,0.0588863087108202,1.03646750457742,0.299984091819012,0.969223715687834
"786",0,NA,NA,NA,NA,NA
"787",66.3657240031093,0.0426318979866531,0.0781403252417689,0.545581271318599,0.585353801197007,0.969223715687834
"788",174.86821076042,0.109235592333652,0.0668119504748809,1.63497086310511,0.102055155780164,0.969223715687834
"789",0,NA,NA,NA,NA,NA
"790",65.6435679040728,0.141045034004047,0.0786413087805496,1.79352348264747,0.0728892592406403,0.969223715687834
"791",0,NA,NA,NA,NA,NA
"792",640.509751420142,-0.0218341571371503,0.033240124526464,-0.656861472337961,NA,NA
"793",0,NA,NA,NA,NA,NA
"794",106.549984934204,-0.0169638208529244,0.0754708608144504,-0.224773119981114,0.822155778165546,0.969223715687834
"795",590.021863463702,-0.0131769132937625,0.0584376205350822,-0.225486821213946,0.821600576555718,0.969223715687834
"796",112.068993049273,0.0330905290385598,0.0743386904576123,0.445131987594373,0.656224373571904,0.969223715687834
"797",241.299656838455,-0.0448720135322878,0.0694367504372896,-0.646228592923759,0.518131324723555,0.969223715687834
"798",88.1221206194366,-0.0314935956517946,0.0785460109246344,-0.400957289632607,0.688451569488769,0.969223715687834
"799",226.656584001605,-0.0275654080977074,0.0712651314931346,-0.386800775079788,0.698903703373467,0.969223715687834
"800",0,NA,NA,NA,NA,NA
"801",311.884697737126,-0.032283351751865,0.0594012690673832,-0.543479158925773,0.586799936486754,0.969223715687834
"802",0,NA,NA,NA,NA,NA
"803",313.931847715663,0.0631524950401879,0.0639534159978149,0.987476494490077,0.323409100522477,0.969223715687834
"804",548.31614257977,-0.0199661041564789,0.0737561128499197,-0.270704398388053,0.786618393660751,0.969223715687834
"805",39.8296344447261,-0.0506440165938501,0.0711126940835906,-0.712165630152047,0.476362217355558,0.969223715687834
"806",418.107568152065,-0.0563597713710477,0.0576952408737137,-0.976853038787217,0.32864191369689,0.969223715687834
"807",225.60484013112,0.0579950337049471,0.0617994271181369,0.938439665372347,0.348018509673933,0.969223715687834
"808",0,NA,NA,NA,NA,NA
"809",0,NA,NA,NA,NA,NA
"810",92.0098280416415,0.0520733372647226,0.0773870605535875,0.672894627244097,0.501014330537618,0.969223715687834
"811",262.860571168093,0.00407886559969434,0.0625125119015209,0.0652487874126699,0.947975917120743,0.988576345438664
"812",0,NA,NA,NA,NA,NA
"813",232.180360229102,-0.016143881208853,0.0684130762545553,-0.235976542682922,0.813450872436871,0.969223715687834
"814",477.836865122193,-0.037478306245713,0.0786230813392388,-0.476683253916284,0.633587689292032,0.969223715687834
"815",441.186017093035,0.0123062904031569,0.0694392006280332,0.177223964156476,0.859332472921466,0.969223715687834
"816",0,NA,NA,NA,NA,NA
"817",348.029066622169,-0.0196373902852571,0.0569152438526496,-0.345028659388639,0.730072825117065,0.969223715687834
"818",0,NA,NA,NA,NA,NA
"819",455.855237892892,-0.00321120037067785,0.0667262538344196,-0.0481249910814176,0.961616629274484,0.990274580951138
"820",0,NA,NA,NA,NA,NA
"821",144.434265645826,0.0389004804040708,0.0730411833733518,0.532582833512294,0.594322387897182,0.969223715687834
"822",0,NA,NA,NA,NA,NA
"823",364.96387200327,0.0478614195353297,0.0570301902053358,0.839229526729718,0.401340521126778,0.969223715687834
"824",0,NA,NA,NA,NA,NA
"825",548.959167991009,-0.0148990444805178,0.0733166449685708,-0.203215033733536,0.83896696277142,0.969223715687834
"826",0,NA,NA,NA,NA,NA
"827",389.950565136105,0.0346254854149133,0.0651855598964878,0.531183370517907,0.595291715500152,0.969223715687834
"828",368.630682982002,-0.0141556460948089,0.0782150313508509,-0.180983704159251,0.856380366985176,0.969223715687834
"829",0,NA,NA,NA,NA,NA
"830",0,NA,NA,NA,NA,NA
"831",486.437407254621,0.0812473552975319,0.0761690010285907,1.06667219210391,0.286119888416615,0.969223715687834
"832",0,NA,NA,NA,NA,NA
"833",293.448078078039,-0.003948720322289,0.0598565631027707,-0.0659697135552078,0.947401937992667,0.988576345438664
"834",228.710206636256,-0.0121882253872447,0.0648612403655283,-0.187912308160582,0.850945394099159,0.969223715687834
"835",357.019018554611,0.0721438645396663,0.0614688939183405,1.17366459587685,0.240529396495473,0.969223715687834
"836",0,NA,NA,NA,NA,NA
"837",0,NA,NA,NA,NA,NA
"838",280.16950243705,0.0261332131864891,0.0625592856410155,0.417735159836217,0.676140762591553,0.969223715687834
"839",0,NA,NA,NA,NA,NA
"840",520.533501451796,-0.0141282126272876,0.0754876961838116,-0.187159144357587,0.851535856841321,0.969223715687834
"841",0,NA,NA,NA,NA,NA
"842",255.864669457207,-0.0459158311351272,0.0639278422809706,-0.718244656738476,0.472606447525587,0.969223715687834
"843",0,NA,NA,NA,NA,NA
"844",55.5429345797311,0.0564878582049005,0.0785421412948286,0.719204458570316,0.472014952678428,0.969223715687834
"845",0,NA,NA,NA,NA,NA
"846",314.291279055575,0.0251172379180174,0.0587595297937786,0.427458116260774,0.669045685446528,0.969223715687834
"847",0,NA,NA,NA,NA,NA
"848",346.190305796938,0.0111218912383236,0.0774277406992699,0.143642202883346,0.885783013130523,0.972540184898347
"849",0,NA,NA,NA,NA,NA
"850",33.0795860762919,-0.0705326133003052,0.0775396069319826,-0.909633361466174,0.363015898432962,0.969223715687834
"851",277.304372287103,-0.063723972547221,0.0660526366974074,-0.964745326354584,0.334672386463309,0.969223715687834
"852",235.469576739191,0.0656411562278484,0.0682932704613899,0.961165804249469,0.336468807188926,0.969223715687834
"853",251.287945550453,0.0865646017332375,0.0749459419819572,1.15502720286146,0.248079286908351,0.969223715687834
"854",0,NA,NA,NA,NA,NA
"855",313.802571886843,0.0236080282829303,0.0639432742990005,0.369202680684422,0.711976657915782,0.969223715687834
"856",0,NA,NA,NA,NA,NA
"857",214.975403992545,0.0600539116807335,0.0742134982805458,0.809204700925357,0.418397411388749,0.969223715687834
"858",0,NA,NA,NA,NA,NA
"859",853.530972693257,-0.013603435353405,0.0433383030106226,-0.313889432866595,0.753605016431373,0.969223715687834
"860",0,NA,NA,NA,NA,NA
"861",601.040662429488,-0.0972013386164463,0.0734562337246941,-1.32325513693972,0.185750545580376,0.969223715687834
"862",0,NA,NA,NA,NA,NA
"863",0,NA,NA,NA,NA,NA
"864",0,NA,NA,NA,NA,NA
"865",380.197043787931,-0.0661928930954866,0.0617675614111435,-1.07164491495604,0.283879551337796,0.969223715687834
"866",336.078738503343,-0.0393030833685667,0.0587034744158506,-0.669518861697126,0.503164552912291,0.969223715687834
"867",0,NA,NA,NA,NA,NA
"868",305.407473161625,-0.1004166204498,0.0607646208158611,-1.6525507622947,0.0984223259346089,0.969223715687834
"869",0,NA,NA,NA,NA,NA
"870",491.160732309187,0.0362413792151665,0.0548401487020307,0.660854867700687,0.508705391937373,0.969223715687834
"871",0,NA,NA,NA,NA,NA
"872",722.420930538717,-0.00619458611777432,0.0705619375900022,-0.0877893426590375,0.930044108385899,0.986518318554598
"873",0,NA,NA,NA,NA,NA
"874",181.564349174235,-0.0667158948665957,0.0681485980786685,-0.978976776449328,0.327591454456469,0.969223715687834
"875",308.225862724384,-0.109858006983044,0.0660098427580252,-1.66426706068298,0.0960590719020095,0.969223715687834
"876",359.710295448942,-0.00892169644136539,0.0644834762915453,-0.138356319393022,0.889958817007907,0.972540184898347
"877",0,NA,NA,NA,NA,NA
"878",0,NA,NA,NA,NA,NA
"879",458.621366960269,-0.0103158493558294,0.0494994187297193,-0.208403444334504,0.834913967181804,0.969223715687834
"880",0,NA,NA,NA,NA,NA
"881",773.745323940077,-0.0172854016615366,0.0476572169972977,-0.362702708018321,0.716826976581854,0.969223715687834
"882",0,NA,NA,NA,NA,NA
"883",177.02038388658,-0.149018842572667,0.0715331652507802,-2.08321331860876,0.0372317836364342,0.969223715687834
"884",0,NA,NA,NA,NA,NA
"885",281.112932662082,0.00988923240973646,0.0588489176361866,0.168044423023602,0.866548331443767,0.971483410312781
"886",174.033599713279,0.0938649057333449,0.0701360042789518,1.33832696484984,0.180789875471966,0.969223715687834
"887",358.26636815431,-0.0549544509039184,0.0581052006402155,-0.945775082065263,0.34426331749907,0.969223715687834
"888",0,NA,NA,NA,NA,NA
"889",202.222608883711,-0.00691003984101918,0.0739584723712988,-0.0934313489647032,0.925560886563572,0.984756731669454
"890",0,NA,NA,NA,NA,NA
"891",348.145974548878,0.0240169068886875,0.07702677969154,0.311799441504178,0.755192948518123,0.969223715687834
"892",0,NA,NA,NA,NA,NA
"893",72.1948568587766,0.0344586862081074,0.077662586544269,0.443697380442839,0.657261389638622,0.969223715687834
"894",0,NA,NA,NA,NA,NA
"895",0,NA,NA,NA,NA,NA
"896",225.464544435477,0.0113891615991637,0.0707820883883967,0.160904571459787,0.872168561719452,0.971483410312781
"897",0,NA,NA,NA,NA,NA
"898",274.692314061541,0.0702645051537924,0.0695112212359065,1.01083686783936,0.312094514269176,0.969223715687834
"899",0,NA,NA,NA,NA,NA
"900",64.0654811907143,-0.0692479798193137,0.078121603513384,-0.886412678503841,0.375395189669556,0.969223715687834
"901",317.156037001504,0.0363872555504156,0.0697720352260335,0.521516327172275,0.602007134717126,0.969223715687834
"902",0,NA,NA,NA,NA,NA
"903",520.469817809424,-0.046110482420919,0.0666024944248349,-0.692323655729705,0.488734097630265,0.969223715687834
"904",207.278143279793,-0.00529909832025169,0.0637799548934149,-0.0830840713059019,0.933784691308301,0.986518318554598
"905",399.149179423624,-0.0434212233299751,0.0639593252846696,-0.678888076706818,0.497208781056553,0.969223715687834
"906",0,NA,NA,NA,NA,NA
"907",0,NA,NA,NA,NA,NA
"908",337.767332012385,-0.0216139498960331,0.0605876864736827,-0.356738326779014,0.721287710240146,0.969223715687834
"909",0,NA,NA,NA,NA,NA
"910",0,NA,NA,NA,NA,NA
"911",649.950687250473,0.0253638027828437,0.0732730376855412,0.346154650933064,0.729226493636335,0.969223715687834
"912",0,NA,NA,NA,NA,NA
"913",333.00264684447,-0.0812652677961639,0.0652366277350062,-1.24570000960605,0.212874550130573,0.969223715687834
"914",0,NA,NA,NA,NA,NA
"915",120.30013336624,0.0965394510589067,0.0722635781958586,1.33593510685635,0.181570484857133,0.969223715687834
"916",0,NA,NA,NA,NA,NA
"917",299.539326586325,0.0103725736506004,0.0678425083342162,0.15289195381016,0.878483481237273,0.972460783881261
"918",0,NA,NA,NA,NA,NA
"919",606.842537891998,-0.0286450698434785,0.039594882792938,-0.723453836024171,0.46940110613497,0.969223715687834
"920",0,NA,NA,NA,NA,NA
"921",82.4698876329576,0.129798758336177,0.0767497652075639,1.69119420737178,0.0907997169883788,0.969223715687834
"922",68.6139364202136,0.023807337410694,0.0774088121164456,0.307553323191173,0.758422242283213,0.969223715687834
"923",300.36145872032,0.043097461041679,0.0656699241432384,0.656273958040142,0.511647870290514,0.969223715687834
"924",0,NA,NA,NA,NA,NA
"925",402.461910077584,-0.0170186745112156,0.0709973759847644,-0.239708500140451,0.810556244883917,0.969223715687834
"926",0,NA,NA,NA,NA,NA
"927",356.716781146359,-0.161194413716149,0.0580558639439586,-2.77653974578262,0.00549409172179047,0.969223715687834
"928",92.9299195457208,-0.0395538854458676,0.0766407018558311,-0.516095031596558,0.605788037864172,0.969223715687834
"929",136.438530521067,-0.0660205077401152,0.0704823772865115,-0.936695246128564,0.348915342282959,0.969223715687834
"930",432.147584936559,-0.00915867462075528,0.0642708639058501,-0.142501190495459,0.88668413908855,0.972540184898347
"931",296.6043469959,-0.0186863595060128,0.0583201277657623,-0.320410126347201,0.748657450152223,0.969223715687834
"932",0,NA,NA,NA,NA,NA
"933",179.435402061453,0.062618824404048,0.0739832316506253,0.846392121660162,0.39733403202848,0.969223715687834
"934",89.9866028829095,0.0479218250792635,0.0783697018001876,0.611484080945537,0.540879153995331,0.969223715687834
"935",0,NA,NA,NA,NA,NA
"936",1023.56280897096,-0.0135900670287006,0.0347973824793356,-0.390548543033976,0.696130967241941,0.969223715687834
"937",0,NA,NA,NA,NA,NA
"938",280.569195249215,0.0172434738022273,0.0699598629727931,0.246476666326993,0.805313264950794,0.969223715687834
"939",0,NA,NA,NA,NA,NA
"940",534.398302290546,-0.0207373323280105,0.0553159558020955,-0.374888800660024,0.707743168460703,0.969223715687834
"941",0,NA,NA,NA,NA,NA
"942",0,NA,NA,NA,NA,NA
"943",0,NA,NA,NA,NA,NA
"944",369.887034334075,0.00437592643376791,0.0576146472947379,0.0759516310389282,0.939457579822108,0.987883228266547
"945",0,NA,NA,NA,NA,NA
"946",80.9315492186695,0.114379325477524,0.0777700157990687,1.4707381026261,0.141361957558025,0.969223715687834
"947",1392.20572303205,-0.01568567281353,0.0303324311228067,-0.517125473722287,0.605068572219894,0.969223715687834
"948",0,NA,NA,NA,NA,NA
"949",864.669762332067,-0.016355646591775,0.0376097610081727,-0.434877706035432,0.663651197587253,0.969223715687834
"950",0,NA,NA,NA,NA,NA
"951",81.1226837135581,0.131924070271717,0.0780789076189465,1.68962494859116,0.0910997298182228,0.969223715687834
"952",267.224063087836,-0.0751076389821823,0.0786041479225091,-0.95551750088591,0.339316059385977,0.969223715687834
"953",0,NA,NA,NA,NA,NA
"954",64.5485959675106,0.0602550590405754,0.0782914885272114,0.769624644697268,0.441522581687806,0.969223715687834
"955",373.21340029812,-0.116719732650384,0.0587109058827759,-1.98804175979554,0.0468070716612772,0.969223715687834
"956",0,NA,NA,NA,NA,NA
"957",75.5797058201301,0.111014656270818,0.0782216734191835,1.41923141526134,0.155831559916134,0.969223715687834
"958",362.605010939559,0.0151550994568598,0.0599653154943629,0.252731088495389,0.800476022427968,0.969223715687834
"959",0,NA,NA,NA,NA,NA
"960",449.583560503466,0.0723736328393335,0.0586650329239332,1.23367582411784,0.217323726059349,0.969223715687834
"961",0,NA,NA,NA,NA,NA
"962",0,NA,NA,NA,NA,NA
"963",112.936047707399,0.138822633528397,0.076846318903725,1.80649685643782,0.0708407647304616,0.969223715687834
"964",0,NA,NA,NA,NA,NA
"965",76.1959830168605,0.0125361742391678,0.0776194597929405,0.161508135622299,0.871693204177595,0.971483410312781
"966",0,NA,NA,NA,NA,NA
"967",205.139886426521,-0.104425990097233,0.0630159575604045,-1.65713565484004,0.0974920520002031,0.969223715687834
"968",0,NA,NA,NA,NA,NA
"969",0,NA,NA,NA,NA,NA
"970",360.420478216633,0.0252461178156642,0.0585917908269269,0.430881484579268,0.666554546921286,0.969223715687834
"971",0,NA,NA,NA,NA,NA
"972",218.832236483044,0.0590547502350777,0.0630525723698499,0.936595415785386,0.348966710959777,0.969223715687834
"973",302.308809404776,0.00388450645455231,0.0660834589169451,0.0587818270746757,0.953125883321983,0.989442094725834
"974",21.004206942995,0.0443361523451129,0.0762073500691288,0.581783152214253,0.560712753715393,0.969223715687834
"975",465.430098371169,0.051704850976415,0.0566343733537954,0.91295882543653,0.361264197130363,0.969223715687834
"976",0,NA,NA,NA,NA,NA
"977",97.9587651826536,-0.0227329917281598,0.0766149761423204,-0.296717337429315,0.766682319476113,0.969223715687834
"978",35.4740135552489,-0.096771286294099,0.0782700769961527,-1.23637653121072,0.216318635544268,0.969223715687834
"979",119.793628776342,-0.00815633532956476,0.0735061080621456,-0.110961327494975,0.911647013488035,0.981316492532128
"980",0,NA,NA,NA,NA,NA
"981",1406.09788425973,-0.0823908078725797,0.0786453377561469,-1.0476248207878,0.294811497137815,0.969223715687834
"982",0,NA,NA,NA,NA,NA
"983",217.987300842055,0.116073829535891,0.073157398972822,1.58663144351281,0.112596141614578,0.969223715687834
"984",0,NA,NA,NA,NA,NA
"985",81.545928935954,0.0723662123398047,0.0768664569983041,0.94145372592627,0.346472392252866,0.969223715687834
"986",176.755395120106,0.0646706500800318,0.0665208629857025,0.972185975607858,0.330958036242869,0.969223715687834
"987",0,NA,NA,NA,NA,NA
"988",40.0507787296325,0.0177707134707927,0.0776602783354761,0.228826291273732,0.819003931403407,0.969223715687834
"989",141.931061163328,0.0472012953263953,0.0716187650698526,0.659063239646175,0.509855160106215,0.969223715687834
"990",0,NA,NA,NA,NA,NA
"991",0,NA,NA,NA,NA,NA
"992",337.344214317846,-0.0568333750388867,0.0624748364594151,-0.909700261093229,0.362980606472607,0.969223715687834
"993",0,NA,NA,NA,NA,NA
"994",1684.42587539676,-0.0435827645585996,0.0733835588693535,-0.593903664936597,0.552576547629734,0.969223715687834
"995",0,NA,NA,NA,NA,NA
"996",194.429723370996,-0.0162436105213481,0.0659642914479654,-0.24624854091189,0.805489841929815,0.969223715687834
"997",0,NA,NA,NA,NA,NA
"998",0,NA,NA,NA,NA,NA
"999",0,NA,NA,NA,NA,NA
"1000",64.999982326725,0.0139489415751022,0.0778842217826505,0.179098426559736,0.857860417456081,0.969223715687834
"1001",0,NA,NA,NA,NA,NA
"1002",0,NA,NA,NA,NA,NA
"1003",186.127318942251,-0.0369876854586891,0.0651548784760922,-0.567688656993832,0.570246395040621,0.969223715687834
"1004",0,NA,NA,NA,NA,NA
"1005",252.901350694955,-0.112545421967007,0.0627255906058849,-1.79425049457323,0.0727731958731153,0.969223715687834
"1006",0,NA,NA,NA,NA,NA
"1007",543.822215058983,-0.0115913602642592,0.0600147868723089,-0.193141738367274,0.846847965520516,0.969223715687834
"1008",0,NA,NA,NA,NA,NA
"1009",353.128089181668,0.0492618848630193,0.0626128227973864,0.786769908496692,0.431416571772508,0.969223715687834
"1010",0,NA,NA,NA,NA,NA
"1011",0,NA,NA,NA,NA,NA
"1012",137.475893798829,0.112101383023148,0.0728135678543217,1.53956723075882,0.123665878279153,0.969223715687834
"1013",0,NA,NA,NA,NA,NA
"1014",151.668542809234,0.0666410033073234,0.0707152997690636,0.942384512615435,0.345995813510708,0.969223715687834
"1015",0,NA,NA,NA,NA,NA
"1016",0,NA,NA,NA,NA,NA
"1017",0,NA,NA,NA,NA,NA
"1018",0,NA,NA,NA,NA,NA
"1019",0,NA,NA,NA,NA,NA
"1020",0,NA,NA,NA,NA,NA
"1021",0,NA,NA,NA,NA,NA
"1022",414.801783493974,0.0663208440366275,0.0723877087930124,0.9161892970845,0.359567618136351,0.969223715687834
"1023",0,NA,NA,NA,NA,NA
"1024",0,NA,NA,NA,NA,NA
"1025",131.861679948282,0.0596241784411157,0.0738576620974125,0.807284941709583,0.41950233755873,0.969223715687834
"1026",0,NA,NA,NA,NA,NA
"1027",259.151858301107,0.0237885035400419,0.0667973151615087,0.356129636086778,0.721743483881846,0.969223715687834
"1028",0,NA,NA,NA,NA,NA
"1029",0,NA,NA,NA,NA,NA
"1030",175.392201861913,0.187641179088916,0.0758318602031973,2.4744372429493,0.0133446263671245,0.969223715687834
"1031",0,NA,NA,NA,NA,NA
"1032",530.378233784454,0.0422627242063517,0.063871803341314,0.661680459850348,0.508176030176651,0.969223715687834
"1033",73.1177813194113,0.0637487203084277,0.0779091634522741,0.818244189561594,0.413217767188534,0.969223715687834
"1034",0,NA,NA,NA,NA,NA
"1035",314.03333606884,-0.0173573482279826,0.0597545447367601,-0.290477457479558,0.771450994017402,0.969223715687834
"1036",0,NA,NA,NA,NA,NA
"1037",80.5486831811832,-0.0888802277990169,0.0775361359020353,-1.14630716071942,0.251668081088357,0.969223715687834
"1038",411.352532726096,-0.0685684136315357,0.0647204764482259,-1.05945471038656,0.289392744679391,0.969223715687834
"1039",0,NA,NA,NA,NA,NA
"1040",68.3883016095054,-0.0408237009741862,0.0782454054307532,-0.521739273372607,0.601851876235235,0.969223715687834
"1041",0,NA,NA,NA,NA,NA
"1042",0,NA,NA,NA,NA,NA
"1043",0,NA,NA,NA,NA,NA
"1044",251.154472254264,0.0941696749359841,0.0672402820163582,1.40049494309192,0.16136515666211,0.969223715687834
"1045",0,NA,NA,NA,NA,NA
"1046",189.708165811775,0.0275974536798195,0.0652300104630819,0.423079093256299,0.672237555411395,0.969223715687834
"1047",179.417012271481,0.0176565774567818,0.0659908306158167,0.267561073137181,0.78903719786466,0.969223715687834
"1048",510.33359354569,-0.115108452803836,0.0586908141859654,-1.96126863122239,0.0498476945205457,0.969223715687834
"1049",0,NA,NA,NA,NA,NA
"1050",471.465922885392,-0.0777590945186868,0.0614566570282419,-1.26526723513375,0.205775547664168,0.969223715687834
"1051",486.215526686288,-0.115407787368945,0.05554454061622,-2.07775212628627,0.0377321952682272,0.969223715687834
"1052",50.91166959749,-0.0782248454984548,0.0768370172135668,-1.01806197501174,0.308648504531873,0.969223715687834
"1053",567.572537759646,-0.0317612864698869,0.0556844037629291,-0.57038029185169,0.568419793626337,0.969223715687834
"1054",0,NA,NA,NA,NA,NA
"1055",66.3167737776173,-0.0788814803558348,0.07478280281127,-1.054807755132,0.291513257068872,0.969223715687834
"1056",969.962159610071,-0.104937856949927,0.0567581928073028,-1.84885831911873,0.064478273630322,0.969223715687834
"1057",0,NA,NA,NA,NA,NA
"1058",0,NA,NA,NA,NA,NA
"1059",0,NA,NA,NA,NA,NA
"1060",0,NA,NA,NA,NA,NA
"1061",0,NA,NA,NA,NA,NA
"1062",0,NA,NA,NA,NA,NA
"1063",471.28960223385,-0.0513147439453175,0.061646265566924,-0.832406366767011,0.405179609535338,0.969223715687834
"1064",0,NA,NA,NA,NA,NA
"1065",303.107967094116,0.0123046163647933,0.0678293686510644,0.181405438521655,0.856049350378049,0.969223715687834
"1066",0,NA,NA,NA,NA,NA
"1067",131.357740126076,0.0712558810422772,0.0786362720370992,0.906145207502461,0.364858999891392,0.969223715687834
"1068",0,NA,NA,NA,NA,NA
"1069",0,NA,NA,NA,NA,NA
"1070",655.630111287703,-0.0043360893950646,0.0543789600691242,-0.0797383655287404,0.936445345307114,0.986518318554598
"1071",0,NA,NA,NA,NA,NA
"1072",387.326020163397,-0.0166811223434484,0.0764741154626763,-0.218127692520873,0.82732962134783,0.969223715687834
"1073",0,NA,NA,NA,NA,NA
"1074",305.596651018492,0.0346871622001593,0.0643364687478577,0.539152410370895,0.589781694474531,0.969223715687834
"1075",0,NA,NA,NA,NA,NA
"1076",76.1258507588057,0.0533813907835647,0.0771088054309674,0.692286574603403,0.488757379468372,0.969223715687834
"1077",0,NA,NA,NA,NA,NA
"1078",335.608308749928,-0.0527666787558184,0.0561128706729536,-0.940366766536718,0.347029462930822,0.969223715687834
"1079",0,NA,NA,NA,NA,NA
"1080",436.000208848509,-0.024798343340293,0.0749631164246439,-0.330807262598552,0.740790074712787,0.969223715687834
"1081",0,NA,NA,NA,NA,NA
"1082",278.396388024828,-0.0221053077322698,0.0584019148505786,-0.378503132796694,0.705056866947688,0.969223715687834
"1083",0,NA,NA,NA,NA,NA
"1084",0,NA,NA,NA,NA,NA
"1085",328.105645358299,0.0383340388156501,0.0601035918990954,0.637799465962151,0.523604227257846,0.969223715687834
"1086",0,NA,NA,NA,NA,NA
"1087",360.418367361387,0.0789813454011447,0.0721154320147109,1.09520726971494,0.273425841539901,0.969223715687834
"1088",0,NA,NA,NA,NA,NA
"1089",173.645633392792,-0.0108874252696796,0.0782946105752781,-0.139057148246643,0.889404989899441,0.972540184898347
"1090",0,NA,NA,NA,NA,NA
"1091",797.187242138638,-0.0499278356544998,0.0778748113851068,-0.641129458504837,0.52143857619183,0.969223715687834
"1092",0,NA,NA,NA,NA,NA
"1093",335.905114507492,-0.0807845820548321,0.0687930559041833,-1.17431303193379,0.240269665312686,0.969223715687834
"1094",0,NA,NA,NA,NA,NA
"1095",74.6974158410296,-0.0940990751656939,0.0772773881904571,-1.21767928975263,0.22334587018175,0.969223715687834
"1096",288.939652875714,0.0432334514260514,0.0648396710565534,0.666774687804061,0.504916063305131,0.969223715687834
"1097",0,NA,NA,NA,NA,NA
"1098",325.267382841553,-0.0718078471507112,0.0556884305347449,-1.28945718996173,0.197239190174659,0.969223715687834
"1099",0,NA,NA,NA,NA,NA
"1100",0,NA,NA,NA,NA,NA
"1101",557.885697439752,-0.034135751865276,0.0611445747447019,-0.558279324172318,0.576653661245433,0.969223715687834
"1102",0,NA,NA,NA,NA,NA
"1103",291.068707711976,0.0974913717539023,0.0575262508986014,1.69472841061284,0.0901269535376116,0.969223715687834
"1104",0,NA,NA,NA,NA,NA
"1105",366.903233772475,0.00448011428021752,0.069435564160261,0.0645218964431134,0.948554672595408,0.988576345438664
"1106",0,NA,NA,NA,NA,NA
"1107",343.207118578365,-0.0188857192957711,0.0496630508268943,-0.380277066779471,0.7037397571608,0.969223715687834
"1108",0,NA,NA,NA,NA,NA
"1109",328.029117886352,-0.0107689573682816,0.0579558540559305,-0.185813107988866,0.852591324859379,0.969223715687834
"1110",0,NA,NA,NA,NA,NA
"1111",404.103233419402,-0.0523979407358563,0.0628796390878882,-0.833305367141478,0.404672530114212,0.969223715687834
"1112",0,NA,NA,NA,NA,NA
"1113",71.1307427162991,0.175712195210247,0.0776676726033155,2.26235947750991,0.0236752024222397,0.969223715687834
"1114",550.457887392188,-0.0263922784609395,0.0765158147978468,-0.344925797767003,0.730150155629758,0.969223715687834
"1115",0,NA,NA,NA,NA,NA
"1116",85.9313191162996,0.103745009238035,0.0765008598192192,1.35612866944499,0.175058232451823,0.969223715687834
"1117",0,NA,NA,NA,NA,NA
"1118",563.109850594591,-0.0631095977104922,0.078144460964884,-0.807601676833524,0.419319921128703,0.969223715687834
"1119",0,NA,NA,NA,NA,NA
"1120",410.648506229957,-0.00771895498021977,0.0575398877487337,-0.134149635708833,0.893284250704155,0.972540184898347
"1121",0,NA,NA,NA,NA,NA
"1122",0,NA,NA,NA,NA,NA
"1123",605.550990290578,0.0168925956538776,0.0779141225204229,0.216810446006752,0.82835607085218,0.969223715687834
"1124",0,NA,NA,NA,NA,NA
"1125",215.533199495159,0.106378605756345,0.064947972891312,1.63790494176571,0.101441524937841,0.969223715687834
"1126",0,NA,NA,NA,NA,NA
"1127",0,NA,NA,NA,NA,NA
"1128",385.043639571958,-0.0192713401246584,0.0577185971054551,-0.333884416654282,0.738466779380323,0.969223715687834
"1129",0,NA,NA,NA,NA,NA
"1130",293.445914659614,-0.0760530846659664,0.0589583033051478,-1.28994696934106,0.197069071212402,0.969223715687834
"1131",117.967140846531,-0.0676951951837585,0.0786252040485903,-0.86098593959671,0.389245787052644,0.969223715687834
"1132",79.2083344038806,-0.100371302113221,0.078059026201457,-1.28583851218154,0.198499426442107,0.969223715687834
"1133",397.36866828174,-0.0316996231510351,0.0635786413109593,-0.498589188089034,0.618068823491229,0.969223715687834
"1134",0,NA,NA,NA,NA,NA
"1135",262.31784108092,-0.0161321391577494,0.0633094542483333,-0.254814061332302,0.798866714319797,0.969223715687834
"1136",0,NA,NA,NA,NA,NA
"1137",59.2333367208469,0.110009436217932,0.0786242027137879,1.39918030861813,0.161758919961716,0.969223715687834
"1138",1155.76040519374,-0.0767026765847326,0.0781108140835196,-0.981972566599019,0.326113363498547,0.969223715687834
"1139",0,NA,NA,NA,NA,NA
"1140",0,NA,NA,NA,NA,NA
"1141",0,NA,NA,NA,NA,NA
"1142",334.572973813266,-0.0143059301890278,0.0575235689636029,-0.248696846297553,0.80359528850361,0.969223715687834
"1143",0,NA,NA,NA,NA,NA
"1144",1103.80123321607,0.00129194437078182,0.0259946521506779,0.0497003908070424,0.960361145027103,0.990274580951138
"1145",0,NA,NA,NA,NA,NA
"1146",432.337217245585,-2.71866443955336e-05,0.0273885932061452,-0.000992626535832211,0.999207998742477,0.999207998742477
"1147",3989.72910419497,0.00473494212679708,0.0254170708007235,0.186289842913854,0.852217472227983,0.969223715687834
"1148",0,NA,NA,NA,NA,NA
"1149",0,NA,NA,NA,NA,NA
"1150",954.096743104295,-0.00321152669112358,0.0258226858804465,-0.124368421859456,0.901023574904615,0.974743685578629
"1151",0,NA,NA,NA,NA,NA
"1152",711.052915849846,0.0100000206060205,0.0357462693566232,0.279750049054215,0.779669277108107,0.969223715687834
"1153",0,NA,NA,NA,NA,NA
"1154",71.9391282535035,0.0460719955559763,0.0769386731733604,0.598814531830639,0.549296570676856,0.969223715687834
"1155",0,NA,NA,NA,NA,NA
"1156",250.052626543334,-0.0750447782655201,0.0638988453770388,-1.17443089656337,0.240222475848494,0.969223715687834
"1157",0,NA,NA,NA,NA,NA
"1158",316.011202912635,-0.107509517936672,0.060940709303211,-1.76416584522765,0.0777040612572047,0.969223715687834
"1159",225.767557428228,-0.11291795351101,0.0616375726492555,-1.83196626112391,0.0669564473839059,0.969223715687834
"1160",0,NA,NA,NA,NA,NA
"1161",78.1518024238163,0.0321726518564446,0.0784771780623683,0.409961885108509,0.681833907449634,0.969223715687834
"1162",636.837929790618,-0.147212860847097,0.0723819772777481,-2.03383309469709,0.0419684265292769,0.969223715687834
"1163",0,NA,NA,NA,NA,NA
"1164",198.195771204733,-0.0453886270663726,0.0729055440391987,-0.622567565533408,0.533568730763911,0.969223715687834
"1165",175.740569089646,-0.0327673011365293,0.0747905128007802,-0.438121091960041,0.661298505474248,0.969223715687834
"1166",433.118375367724,-0.0682256514949385,0.066413689847503,-1.02728295403547,0.304287246558775,0.969223715687834
"1167",0,NA,NA,NA,NA,NA
"1168",223.134215721872,0.0623160561058631,0.0624810004886293,0.997360087362937,0.318589757335417,0.969223715687834
"1169",0,NA,NA,NA,NA,NA
"1170",207.403004407903,-0.00159268248855869,0.0584672051180494,-0.0272406126706921,0.978267823486953,0.992461203692331
"1171",684.550978652197,-0.0258888081203794,0.0476056698408261,-0.543817747065444,0.586566895052936,0.969223715687834
"1172",1023.71325365244,-0.021263472970059,0.0773777698557439,-0.274800798856062,0.783469284320834,0.969223715687834
"1173",0,NA,NA,NA,NA,NA
"1174",824.86137761197,-0.086907962371605,0.0721962780685446,-1.20377344506725,0.22867715607653,0.969223715687834
"1175",896.98166951116,-0.120804633535041,0.0737576297824611,-1.63785948506397,0.101451009257169,0.969223715687834
"1176",0,NA,NA,NA,NA,NA
"1177",1048.24127442085,-0.122761305273517,0.0699816235591773,-1.75419344436484,0.0793973661539253,0.969223715687834
"1178",0,NA,NA,NA,NA,NA
"1179",255.980096346391,-0.0585466906779837,0.0598597654746105,-0.97806415066588,0.328042597030363,0.969223715687834
"1180",0,NA,NA,NA,NA,NA
"1181",163.893613384882,0.0586289885409803,0.0756438126326889,0.775066545438037,0.438300338719418,0.969223715687834
"1182",0,NA,NA,NA,NA,NA
"1183",81.5976040648552,0.096882894947484,0.0776208624677592,1.24815535240575,0.211974170820969,0.969223715687834
"1184",0,NA,NA,NA,NA,NA
"1185",0,NA,NA,NA,NA,NA
"1186",601.824886283514,-0.0779439381795245,0.066644788269777,-1.16954288854529,0.242184972066035,0.969223715687834
"1187",0,NA,NA,NA,NA,NA
"1188",242.520645400921,0.0298344010721431,0.0648610618969704,0.459973984384252,0.645534894116243,0.969223715687834
"1189",0,NA,NA,NA,NA,NA
"1190",226.675011625677,0.0748245499817991,0.0656139196982011,1.14037616295389,0.254129619379034,0.969223715687834
"1191",0,NA,NA,NA,NA,NA
"1192",104.740299045285,0.0480073981834843,0.0734116009595221,0.653948389028523,0.513145057178252,0.969223715687834
"1193",996.213156844572,-0.0695123960439872,0.0687900020289925,-1.0105014390709,0.31225511031788,0.969223715687834
"1194",0,NA,NA,NA,NA,NA
"1195",0,NA,NA,NA,NA,NA
"1196",91.9293297849951,0.00300903892991562,0.0750719868422354,0.0400820473319715,0.968027714452811,0.990937417811316
"1197",0,NA,NA,NA,NA,NA
"1198",527.783418615824,-0.0665653242877514,0.0545399559409466,-1.22048731318788,0.222280196045025,0.969223715687834
"1199",0,NA,NA,NA,NA,NA
"1200",265.937889074666,-0.0321477220161128,0.0682176391639664,-0.471252338985864,0.637460546664225,0.969223715687834
"1201",0,NA,NA,NA,NA,NA
"1202",712.276103198764,-0.0174973308301739,0.0697751147967904,-0.250767496135725,0.801993873059608,0.969223715687834
"1203",0,NA,NA,NA,NA,NA
"1204",92.5727445311965,0.0143858796781997,0.0784844555723785,0.183295909658608,0.854565843649926,0.969223715687834
"1205",506.395765111174,-0.0954022554845934,0.0707967324013418,-1.34755167715601,0.177802621715118,0.969223715687834
"1206",328.053943316174,-0.0678131140086739,0.0630116711983888,-1.07619926148551,0.281838149979742,0.969223715687834
"1207",0,NA,NA,NA,NA,NA
"1208",80.6279220088511,-0.0513727930066574,0.078036115110667,-0.658320739490977,0.510332054059249,0.969223715687834
"1209",87.3636791085879,-0.0705081049834929,0.0772410802539539,-0.91283167909713,0.361331074355536,0.969223715687834
"1210",742.735068521559,-0.0467182728626406,0.0562311194054692,-0.830825944007379,0.406071964110984,0.969223715687834
"1211",0,NA,NA,NA,NA,NA
"1212",972.723253831283,-0.00556578225524331,0.0771873338871013,-0.0721074556530758,0.942516392920225,0.988188993458209
"1213",0,NA,NA,NA,NA,NA
"1214",895.303901031127,-0.0776569995362927,0.0691222716596741,-1.12347290781529,0.261236700540902,0.969223715687834
"1215",0,NA,NA,NA,NA,NA
"1216",76.4432184252962,0.0527388992407564,0.0779785868566688,0.676325403763663,0.498834067193168,0.969223715687834
"1217",789.572861335176,-0.126208604276848,0.0654857354617334,-1.92726863929928,0.053946159755261,0.969223715687834
"1218",0,NA,NA,NA,NA,NA
"1219",165.880535572822,0.156161134577567,0.0697631631478402,2.23844687556145,0.0251919280916675,0.969223715687834
"1220",402.410294061261,0.109133368837641,0.070757033591684,1.54236778024662,0.122984246504203,0.969223715687834
"1221",0,NA,NA,NA,NA,NA
"1222",160.302557451413,0.0651226354586808,0.0699516660157737,0.930966182335043,0.351871057629158,0.969223715687834
"1223",343.764682460416,-0.117541721871945,0.0559136746833022,-2.10219990973061,0.0355357677246245,0.969223715687834
"1224",344.107256792727,-0.0758093950475854,0.0704598857431137,-1.07592276439356,0.281961800017536,0.969223715687834
"1225",0,NA,NA,NA,NA,NA
"1226",166.133084504407,-0.118057445757487,0.0755642919463372,-1.56234436552819,0.118206885744379,0.969223715687834
"1227",279.169431222748,-0.043141617538076,0.0716639190826284,-0.601999138343715,0.547174710956088,0.969223715687834
"1228",323.555812193236,-0.0384609599042901,0.0603997969852875,-0.636772999645324,0.52427271574356,0.969223715687834
"1229",0,NA,NA,NA,NA,NA
"1230",0,NA,NA,NA,NA,NA
"1231",282.045446436139,0.0556108478109528,0.0661678062632474,0.840451738564613,0.400655150357685,0.969223715687834
"1232",0,NA,NA,NA,NA,NA
"1233",252.895885715426,0.00123450643494433,0.0719894739304126,0.0171484297292914,0.986318203244838,0.992461203692331
"1234",0,NA,NA,NA,NA,NA
"1235",490.122793173693,-0.00722478323267503,0.0651720495455263,-0.11085708187876,0.911729679458045,0.981316492532128
"1236",521.658773769252,-0.0349429500824298,0.0563694771085724,-0.619891329045446,0.535329334818584,0.969223715687834
"1237",0,NA,NA,NA,NA,NA
"1238",290.004755078649,-0.110636900103243,0.0717615107504279,-1.54173036417831,0.123139130064535,0.969223715687834
"1239",569.852433378151,-0.046983265941324,0.0653101551137734,-0.71938683746007,0.471902604603151,0.969223715687834
"1240",512.904467647629,-0.030219251590494,0.0534773879700528,-0.565084659845705,0.572016181971306,0.969223715687834
"1241",0,NA,NA,NA,NA,NA
"1242",600.166756791595,-0.0755084806475916,0.0627710738791216,-1.20291841418865,0.22900789374919,0.969223715687834
"1243",232.287077740267,-0.0815735545820092,0.0672310874712293,-1.21333088085058,0.225003340815737,0.969223715687834
"1244",0,NA,NA,NA,NA,NA
"1245",0,NA,NA,NA,NA,NA
"1246",457.860033799461,-0.100374630604978,0.0583724130925758,-1.71955595609503,0.0855131880294984,0.969223715687834
"1247",0,NA,NA,NA,NA,NA
"1248",311.322917816919,-0.0929145037385691,0.0587041778732655,-1.58275794167766,0.113476646258065,0.969223715687834
"1249",445.529715566458,-0.0452110605596797,0.0588863830944038,-0.767767660092139,0.442625230937858,0.969223715687834
"1250",396.978070794076,-0.0931992863522125,0.0687180616370345,-1.35625604290887,0.175017716197856,0.969223715687834
"1251",0,NA,NA,NA,NA,NA
"1252",56.5624646022531,-0.0611156328912829,0.0781234524239268,-0.782295597481367,0.434040873581612,0.969223715687834
"1253",553.546653810866,-0.0561672287113081,0.0602641502022364,-0.932017269352017,0.351327600738438,0.969223715687834
"1254",0,NA,NA,NA,NA,NA
"1255",185.351700992366,0.0189708321764911,0.0742480523465264,0.255506125439513,0.798332213168798,0.969223715687834
"1256",321.346939522771,-0.138062778909566,0.0608768950621678,-2.2679011268327,0.0233352336601224,0.969223715687834
"1257",488.087085224862,-0.0131170398593937,0.060845728361472,-0.215578648043591,0.82931620084618,0.969223715687834
"1258",573.774190898067,-0.0730029261045312,0.0618470533481449,-1.18037840369837,0.237849747429898,0.969223715687834
"1259",405.485893222546,-0.0880898366572993,0.0612534647640844,-1.43812006384576,0.150399990727494,0.969223715687834
"1260",59.9262730254823,-0.00495011591788543,0.0786393269585945,-0.0629470788895712,0.94980864561754,0.988576345438664
"1261",515.942275364631,0.0237282956794842,0.0691483716963195,0.343150461788056,0.731485270192732,0.969223715687834
"1262",0,NA,NA,NA,NA,NA
